diplomacy_points;Diplomacy Points;;;;;;;;;;;;;x;;;;;;;;;;;,,,,,,,
taxing_eic;Indian Tax;;;;;;;;;;;;;x,,,,,,,
taxing_eic_desc;When this timer runs out we can use the 'Levy Indian Taxes' decision.;;;;;;;;;;;;;x,,,,,,,
give_eic;Gave India Money;;;;;;;;;;;;;x,,,,,,,
give_eic_desc;When this timer runs out we can use the 'Give India Money' decision.;;;;;;;;;;;;;x,,,,,,,
prussian_influence;Prussian Influence;;;;;;;;;;;;;x,,,,,,,
prussian_influence_desc;Prussia is influencing our country, one day they might demand political integration.;;;;;;;;;;;;;x,,,,,,
pressing_political_integration;Pressing Political Influence;;;;;;;;;;;;;x,,,,,,,
pressing_political_integration_desc;We are applying pressure to the north german duchies and principalites to further their political integration with Prussia.;;;;;;;;;;;;;x,,,,,,,
slave_pressure_delay;Gage decision cooldown;;;;;;;;;;;;;x,,,,,,,
slave_pressure_var0;Your current pressure value is 0;;;;;;;;;;;;;x,,,,,,,
slave_pressure_var1;Your current pressure value is 1;;;;;;;;;;;;;x,,,,,,,
slave_pressure_var2;Your current pressure value is 2;;;;;;;;;;;;;x,,,,,,,
slave_pressure_var3;Your current pressure value is 3;;;;;;;;;;;;;x,,,,,,,
slave_pressure_var4;Your current pressure value is 4;;;;;;;;;;;;;x,,,,,,,
slave_pressure_var5;Your current pressure value is 5;;;;;;;;;;;;;x,,,,,,,
slave_pressure_var6;Your current pressure value is 6;;;;;;;;;;;;;x,,,,,,,
slave_pressure_var7;Your current pressure value is 7;;;;;;;;;;;;;x,,,,,,,
slave_pressure_var8;Your current pressure value is 8;;;;;;;;;;;;;x,,,,,,,
slave_pressure_var9;Your current pressure value is 9;;;;;;;;;;;;;x,,,,,,,
slave_pressure_var10;Your current pressure value is 10;;;;;;;;;;;;;x,,,,,,,
slave_pressure_var11;Your current pressure value is 11;;;;;;;;;;;;;x,,,,,,,
slave_pressure_var12;Your current pressure value is 12;;;;;;;;;;;;;x,,,,,,,
slave_pressure_var13;Your current pressure value is 13;;;;;;;;;;;;;x,,,,,,,
slave_pressure_var14;Your current pressure value is 14;;;;;;;;;;;;;x,,,,,,,
slave_pressure_var15;Your current pressure value is 15;;;;;;;;;;;;;x,,,,,,,
slave_pressure_var16;Your current pressure value is 16;;;;;;;;;;;;;x,,,,,,,
slave_pressure_var17;Your current pressure value is 17;;;;;;;;;;;;;x,,,,,,,
slave_pressure_var18;Your current pressure value is 18;;;;;;;;;;;;;x,,,,,,,
slave_pressure_var19;Your current pressure value is 19;;;;;;;;;;;;;x,,,,,,,
slave_pressure_var20;Your current pressure value is 20;;;;;;;;;;;;;x,,,,,,,
craftsmen_fix_cooldown;Craftsmen Fix Cooldown;;;;;;;;;;;;x,,,,,,,
craftsmen_fix_cooldown_desc;Craftsmen Fix Cooldown is 10 years.;;;;;;;;;;;;;x,,,,,,,
bureaucrats_fix_cooldown;Non-Accepted Bureaucrats Decision Cooldown;;;;;;;;;;;;x,,,,,,,
bureaucrats_fix_cooldown_desc;Non-Accepted Bureaucrats Decision Cooldown is 10 years.;;;;;;;;;;;;;x,,,,,,,
rgo_changed_mine;Mine RGO Change Cooldown;;;;;;;;;;;;;x,,,,,,,
rgo_changed_farm;Farm RGO Change Cooldown;;;;;;;;;;;;;x,,,,,,,
rgo_changed_mine_desc;Cooldown Timer for Mine RGO Change Decisions;;;;;;;;;;;;;x,,,,,,,
rgo_changed_farm_desc;Cooldown Timer for Farm RGO Change Decisions;;;;;;;;;;;;;x,,,,,,,
usa_immigration_buff;USA Immigration Buff;;;;;;;;;;;;;x,,,,,,,
usa_immigration_buff_desc;The bonus immigration attraction from the midgame Homestead Act has been applied at the start of the game.;;;;;;;;;;;;;x,,,,,,,
treaty_port_buff;Treaty Port Infrastructure;;;;;;;;;;;;;x,,,,,,,
treaty_port_buff_desc;The infrastructure and development of this treaty port has vastly increased our RGO capacity!;;;;;;;;;;;;;x,,,,,,,
chinese_treaty_port;Chinese Treaty Port Cooldown Flag;;;;;;;;;;;;;x,,,,,,,
chinese_treaty_port_desc; We have recently taken a Chinese treaty port, this is the cooldown flag until another may be taken.;;;;;;;;;;;;;x,,,,,,
negotiating_unequal_treaty;Negotiating an Unequal Treaty;;;;;;;;;;;;;x,,,,,,,
negotiating_unequal_treaty_desc;Negotiating an unequal treaty with foreigners.;;;;;;;;;;;;;x,,,,,,,
negotiating_treaty;Negotiating Treaty;;;;;;;;;;;;;x,,,,,,,
negotiating_treaty_desc;Negotiating a Treaty with China.;;;;;;;;;;;;;x,,,,,,,
china_rp_nerf;Chinese RP from Conquest Nerf;;;;;;;;;;;;;x,,,,,,,
china_rp_nerf_desc;Chinese research points from quest nerf (only matters for uncivs);;;;;;;;;;;;;x,,,,,,,
the_homestead_act_mexico;Mexican Homestead Act;;;;;;;;;;;;;x,,,,,,,
the_homestead_act_mexico_desc;An Alternative Homestead Act established by Mexico.;;;;;;;;;;;;;x,,,,,,,
assimilation_fix_modifier;Assimilation Fix Modifier;;;;;;;;;;;;;x,,,,,,,
assimilation_fix_modifier_desc;This modifier exists to counter the engine restricted assimilation modifier on pops who are on their cultural_union cores.;;;;;;;;;;;;;x,,,,,,,
policestate_modifier;The Police State;;;;;;;;;;;;;x,,,,,,,
policestate_modifier_desc;You have an active Police State.;;;;;;;;;;;;;x,,,,,,,
one_party_state_modifier;One Party State;;;;;;;;;;;;;x,,,,,,,
one_party_state_modifier_desc;You have an active One Party State.;;;;;;;;;;;;;x,,,,,,,
totalitarianism_modifier;Totalitarian;;;;;;;;;;;;;x,,,,,,,
totalitarianism_modifier_desc;You have an active Totalitarianist government.;;;;;;;;;;;;;x,,,,,,,
leadership_principle_modifier;The Leadership Principle;;;;;;;;;;;;;x,,,,,,,
leadership_principle_modifier_desc;Your people are enthralled by the Leadership Principle.;;;;;;;;;;;;;x,,,,,,,
ultranationalism_modifier;Ultranationalism;;;;;;;;;;;;;x,,,,,,,
ultranationalism_modifier_desc;Your people are enthralled by Ultranationalism.;;;;;;;;;;;;;x,,,,,,,
collectivisation_modifier;Collectivisation;;;;;;;;;;;;;x,,,,,,,
collectivisation_modifier_desc;Your people are enthralled by Collectivisation.;;;;;;;;;;;;;x,,,,,,,
classless_society_modifier;Classless Society;;;;;;;;;;;;;x,,,,,,,
classless_society_modifier_desc;Your people have created a Classless Society.;;;;;;;;;;;;;x,,,,,,,
world_bank_funding;World Bank Funding;;;;;;;;;;;;;x,,,,,,,
world_bank_funding_desc;World Bank Funding modifier to raise the precious metals production of the world bank.;;;;;;;;;;;;;x,,,,,,,
desperate_nation;Desperate Nation;Nation microscopique;Mikroskopische Nation;;Nación microscópica;;;;;;;;;x;;;;,,,,,,,
microscopic_nation;Microscopic Nation;Nation microscopique;Mikroskopische Nation;;Nación microscópica;;;;;;;;;x;;;;,,,,,,,
tiny_nation;Tiny Nation;Très petite Nation;Sehr kleine Nation;;Muy pequeña nación;;;;;;;;;x;;;;,,,,,,,
small_nation;Small Nation;Petite Nation;Kleine Nation;;Pequeña nación;;;;;;;;;x;;;;,,,,,,,
medium_nation;Medium Nation;Nation moyenne;Mittlere Nation;;Medio país;;;;;;;;;x;;;;,,,,,,,
average_nation;Average Nation;Nation régulière;Durchschnittsgröße Nation;;País promedio;;;;;;;;;x;;;;,,,,,,,
large_nation;Large Nation;Grande Nation;Großes Nation;;Nación grande;;;;;;;;;x;;;;,,,,,,,
empire;Empire;Empire;Reich;;Imperio;;;;;;;;;x;;;;,,,,,,,
medium_empire;Medium Empire;Moyen Empire;Mittleres Reich;;Imperio medio;;;;;;;;;x;;;;,,,,,,,
large_empire; Large Empire;Grand Empire;Große Reich;;Gran imperio;;;;;;;;;x;;;;,,,,,,,
insane_empire; Insane Empire;L'Empire de fou;Das wahnsinnig Reich;;El Imperio loco;;;;;;;;;x;;;;,,,,,,,
insane_empire2; Large Insane Empire;L'Empire de fou;Das wahnsinnig Reich;;El Imperio loco;;;;;;;;;x;;;;,,,,,,,
recently_demoted;Recently Fired Bureaucrats;;;;;;;;;;;;;;;;;;;;;;;x;;;;;;;;;;;;;;;;;,,,,,,,
recently_demoted_desc;We have recently fired unaccepted bureaucrats to save on our administrative spending.;;;;;;;;;;;;;;;;;;;;;;;x;;;;;;;;;;;;;;;;;,,,,,,,
demand_reperations_desc;Force another §Ycountry§W to pay reparations to us;;;;;;;;;;;;;x,,,,,,,
demand_reperations;Demand Reparations;;;;;;;;;;;;;x,,,,,,,
Bonus_Immigration;Bonus Immigration;;;;;;;;;;;;;,,,,,,,
Bonus_Immigration_desc;This country is a target for immigration. It should expect more immigrants than comparable countries.;;;;;;;;;;;;;,,,,,,,
Hazardous_Journey;Hazardous Journey;;;;;;;;;;;;;,,,,,,,
Hazardous_Journey_desc;To reach this country requires a hazardous Journey which few people is willing to take. As a result, this nation should expect fewer immigrants than comparable countries.;;;;;;;;;;;;;,,,,,,
tanzimat_reform;Tanzimat Reforms;;;;;;;;;;;;;x,,,,,,,
tanzimat_reform_desc;We have enacted the Tanzimat reforms.;;;;;;;;;;;;;x,,,,,,,
negotiating_unequal_treaty;Unequal Treaty;;;;;;;;;;;;;;;;;;;;;;;x;;;;;;;;;;;;;;;;;,,,,,,,
negotiating_unequal_treaty_desc;We have lost a war and like vultures, the westerners descended upon us imposing their conditions including the opening of our country, monetary reparations and even the secession of territory.;;;;;;;;;;;;;;;;;;;;;;;x;;;;;;;;;;;;;;;;;,,,,,
negotiating_treaty;Negotiating Treaty;;;;;;;;;;;;;;;;;;;;;;;x;;;;;;;;;;;;;;;;;,,,,,,,
negotiating_treaty_desc;Our diplomats are negotiating a treaty with a defeated nation.;;;;;;;;;;;;;;;;;;;;;;;x;;;;;;;;;;;;;;;;;,,,,,,,
chinese_treaty_port;Chinese Treaty Port;;;;;;;;;;;;;;;;;;;;;;;x;;;;;;;;;;;;;;;;;,,,,,,,
chinese_treaty_port_desc;We negotiated a treaty with the Chinese and acquired the rights over a Chinese port and city.;;;;;;;;;;;;;;;;;;;;;;;x;;;;;;;;;;;;;;;;;,,,,,,,
crat_1;1% Bureaucrat Hiring Cap;;;;;;;;;;;;;;;;;;;;;;;x;;;;;;;;;;;;;;;;;,,,,,,,
crat_1_desc;We have currently capped bureaucrat hiring at 1% per state.;;;;;;;;;;;;;;;;;;;;;;;x;;;;;;;;;;;;;;;;;,,,,,,,
crat_1.1;1.1% Bureaucrat Hiring Cap;;;;;;;;;;;;;;;;;;;;;;;x;;;;;;;;;;;;;;;;;,,,,,,,
crat_1.1_desc;We have currently capped bureaucrat hiring at 1.1% per state.;;;;;;;;;;;;;;;;;;;;;;;x;;;;;;;;;;;;;;;;;,,,,,,,
crat_1.2;1.2% Bureaucrat Hiring Cap;;;;;;;;;;;;;;;;;;;;;;;x;;;;;;;;;;;;;;;;;,,,,,,,
crat_1.2_desc;We have currently capped bureaucrat hiring at 1.2% per state.;;;;;;;;;;;;;;;;;;;;;;;x;;;;;;;;;;;;;;;;;,,,,,,,
crat_1.3;1.3% Bureaucrat Hiring Cap;;;;;;;;;;;;;;;;;;;;;;;x;;;;;;;;;;;;;;;;;,,,,,,,
crat_1.3_desc;We have currently capped bureaucrat hiring at 1.3% per state.;;;;;;;;;;;;;;;;;;;;;;;x;;;;;;;;;;;;;;;;;,,,,,,,
crat_1.4;1.4% Bureaucrat Hiring Cap;;;;;;;;;;;;;;;;;;;;;;;x;;;;;;;;;;;;;;;;;,,,,,,,
crat_1.4_desc;We have currently capped bureaucrat hiring at 1.4% per state.;;;;;;;;;;;;;;;;;;;;;;;x;;;;;;;;;;;;;;;;;,,,,,,,
crat_1.5;1.5% Bureaucrat Hiring Cap;;;;;;;;;;;;;;;;;;;;;;;x;;;;;;;;;;;;;;;;;,,,,,,,
crat_1.5_desc;We have currently capped bureaucrat hiring at 1.5% per state.;;;;;;;;;;;;;;;;;;;;;;;x;;;;;;;;;;;;;;;;;,,,,,,,
crat_1.6;1.6% Bureaucrat Hiring Cap;;;;;;;;;;;;;;;;;;;;;;;x;;;;;;;;;;;;;;;;;,,,,,,,
crat_1.6_desc;We have currently capped bureaucrat hiring at 1.6% per state.;;;;;;;;;;;;;;;;;;;;;;;x;;;;;;;;;;;;;;;;;,,,,,,,
crat_1.7;1.7% Bureaucrat Hiring Cap;;;;;;;;;;;;;;;;;;;;;;;x;;;;;;;;;;;;;;;;;,,,,,,,
crat_1.7_desc;We have currently capped bureaucrat hiring at 1.7% per state.;;;;;;;;;;;;;;;;;;;;;;;x;;;;;;;;;;;;;;;;;,,,,,,,
crat_1.8;1.8% Bureaucrat Hiring Cap;;;;;;;;;;;;;;;;;;;;;;;x;;;;;;;;;;;;;;;;;,,,,,,,
crat_1.8_desc;We have currently capped bureaucrat hiring at 1.8% per state.;;;;;;;;;;;;;;;;;;;;;;;x;;;;;;;;;;;;;;;;;,,,,,,,
crat_1.9;1.9% Bureaucrat Hiring Cap;;;;;;;;;;;;;;;;;;;;;;;x;;;;;;;;;;;;;;;;;,,,,,,,
crat_1.9_desc;We have currently capped bureaucrat hiring at 1.9% per state.;;;;;;;;;;;;;;;;;;;;;;;x;;;;;;;;;;;;;;;;;,,,,,,,
crat_2;2% Bureaucrat Hiring Cap;;;;;;;;;;;;;;;;;;;;;;;x;;;;;;;;;;;;;;;;;,,,,,,,
crat_2_desc;We have currently capped bureaucrat hiring at 2% per state.;;;;;;;;;;;;;;;;;;;;;;;x;;;;;;;;;;;;;;;;;,,,,,,,
crat_2.1;2.1% Bureaucrat Hiring Cap;;;;;;;;;;;;;;;;;;;;;;;x;;;;;;;;;;;;;;;;;,,,,,,,
crat_2.1_desc;We have currently capped bureaucrat hiring at 2.1% per state.;;;;;;;;;;;;;;;;;;;;;;;x;;;;;;;;;;;;;;;;;,,,,,,,
crat_2.2;2.2% Bureaucrat Hiring Cap;;;;;;;;;;;;;;;;;;;;;;;x;;;;;;;;;;;;;;;;;,,,,,,,
crat_2.2_desc;We have currently capped bureaucrat hiring at 2.2% per state.;;;;;;;;;;;;;;;;;;;;;;;x;;;;;;;;;;;;;;;;;,,,,,,,
crat_2.3;2.3% Bureaucrat Hiring Cap;;;;;;;;;;;;;;;;;;;;;;;x;;;;;;;;;;;;;;;;;,,,,,,,
crat_2.3_desc;We have currently capped bureaucrat hiring at 2.3% per state.;;;;;;;;;;;;;;;;;;;;;;;x;;;;;;;;;;;;;;;;;,,,,,,,
crat_2.4;2.4% Bureaucrat Hiring Cap;;;;;;;;;;;;;;;;;;;;;;;x;;;;;;;;;;;;;;;;;,,,,,,,
crat_2.4_desc;We have currently capped bureaucrat hiring at 2.4% per state.;;;;;;;;;;;;;;;;;;;;;;;x;;;;;;;;;;;;;;;;;,,,,,,,
crat_2.5;2.5% Bureaucrat Hiring Cap;;;;;;;;;;;;;;;;;;;;;;;x;;;;;;;;;;;;;;;;;,,,,,,,
crat_2.5_desc;We have currently capped bureaucrat hiring at 2.5% per state.;;;;;;;;;;;;;;;;;;;;;;;x;;;;;;;;;;;;;;;;;,,,,,,,
crat_2.6;2.6% Bureaucrat Hiring Cap;;;;;;;;;;;;;;;;;;;;;;;x;;;;;;;;;;;;;;;;;,,,,,,,
crat_2.6_desc;We have currently capped bureaucrat hiring at 2.6% per state.;;;;;;;;;;;;;;;;;;;;;;;x;;;;;;;;;;;;;;;;;,,,,,,,
crat_2.7;2.7% Bureaucrat Hiring Cap;;;;;;;;;;;;;;;;;;;;;;;x;;;;;;;;;;;;;;;;;,,,,,,,
crat_2.7_desc;We have currently capped bureaucrat hiring at 2.7% per state.;;;;;;;;;;;;;;;;;;;;;;;x;;;;;;;;;;;;;;;;;,,,,,,,
crat_2.8;2.8% Bureaucrat Hiring Cap;;;;;;;;;;;;;;;;;;;;;;;x;;;;;;;;;;;;;;;;;,,,,,,,
crat_2.8_desc;We have currently capped bureaucrat hiring at 2.8% per state.;;;;;;;;;;;;;;;;;;;;;;;x;;;;;;;;;;;;;;;;;,,,,,,,
crat_2.9;2.9% Bureaucrat Hiring Cap;;;;;;;;;;;;;;;;;;;;;;;x;;;;;;;;;;;;;;;;;,,,,,,,
crat_2.9_desc;We have currently capped bureaucrat hiring at 2.9% per state.;;;;;;;;;;;;;;;;;;;;;;;x;;;;;;;;;;;;;;;;;,,,,,,,
crat_3;3% Bureaucrat Hiring Cap;;;;;;;;;;;;;;;;;;;;;;;x;;;;;;;;;;;;;;;;;,,,,,,,
crat_3_desc;We have currently capped bureaucrat hiring at 3% per state.;;;;;;;;;;;;;;;;;;;;;;;x;;;;;;;;;;;;;;;;;,,,,,,,
crat_3.1;3.1% Bureaucrat Hiring Cap;;;;;;;;;;;;;;;;;;;;;;;x;;;;;;;;;;;;;;;;;,,,,,,,
crat_3.1_desc;We have currently capped bureaucrat hiring at 3.1% per state.;;;;;;;;;;;;;;;;;;;;;;;x;;;;;;;;;;;;;;;;;,,,,,,,
crat_3.2;3.2% Bureaucrat Hiring Cap;;;;;;;;;;;;;;;;;;;;;;;x;;;;;;;;;;;;;;;;;,,,,,,,
crat_3.2_desc;We have currently capped bureaucrat hiring at 3.2% per state.;;;;;;;;;;;;;;;;;;;;;;;x;;;;;;;;;;;;;;;;;,,,,,,,
crat_3.3;3.3% Bureaucrat Hiring Cap;;;;;;;;;;;;;;;;;;;;;;;x;;;;;;;;;;;;;;;;;,,,,,,,
crat_3.3_desc;We have currently capped bureaucrat hiring at 3.3% per state.;;;;;;;;;;;;;;;;;;;;;;;x;;;;;;;;;;;;;;;;;,,,,,,,
crat_3.4;3.4% Bureaucrat Hiring Cap;;;;;;;;;;;;;;;;;;;;;;;x;;;;;;;;;;;;;;;;;,,,,,,,
crat_3.4_desc;We have currently capped bureaucrat hiring at 3.4% per state.;;;;;;;;;;;;;;;;;;;;;;;x;;;;;;;;;;;;;;;;;,,,,,,,
crat_3.5;3.5% Bureaucrat Hiring Cap;;;;;;;;;;;;;;;;;;;;;;;x;;;;;;;;;;;;;;;;;,,,,,,,
crat_3.5_desc;We have currently capped bureaucrat hiring at 3.5% per state.;;;;;;;;;;;;;;;;;;;;;;;x;;;;;;;;;;;;;;;;;,,,,,,,
crat_3.6;3.6% Bureaucrat Hiring Cap;;;;;;;;;;;;;;;;;;;;;;;x;;;;;;;;;;;;;;;;;,,,,,,,
crat_3.6_desc;We have currently capped bureaucrat hiring at 3.6% per state.;;;;;;;;;;;;;;;;;;;;;;;x;;;;;;;;;;;;;;;;;,,,,,,,
crat_3.7;3.7% Bureaucrat Hiring Cap;;;;;;;;;;;;;;;;;;;;;;;x;;;;;;;;;;;;;;;;;,,,,,,,
crat_3.7_desc;We have currently capped bureaucrat hiring at 3.7% per state.;;;;;;;;;;;;;;;;;;;;;;;x;;;;;;;;;;;;;;;;;,,,,,,,
crat_3.8;3.8% Bureaucrat Hiring Cap;;;;;;;;;;;;;;;;;;;;;;;x;;;;;;;;;;;;;;;;;,,,,,,,
crat_3.8_desc;We have currently capped bureaucrat hiring at 3.8% per state.;;;;;;;;;;;;;;;;;;;;;;;x;;;;;;;;;;;;;;;;;,,,,,,,
crat_3.9;3.9% Bureaucrat Hiring Cap;;;;;;;;;;;;;;;;;;;;;;;x;;;;;;;;;;;;;;;;;,,,,,,,
crat_3.9_desc;We have currently capped bureaucrat hiring at 3.9% per state.;;;;;;;;;;;;;;;;;;;;;;;x;;;;;;;;;;;;;;;;;,,,,,,,
crat_4;4% Bureaucrat Hiring Cap;;;;;;;;;;;;;;;;;;;;;;;x;;;;;;;;;;;;;;;;;,,,,,,,
crat_4_desc;We have currently capped bureaucrat hiring at 4% per state.;;;;;;;;;;;;;;;;;;;;;;;x;;;;;;;;;;;;;;;;;,,,,,,,
crat_4.1;4.1% Bureaucrat Hiring Cap;;;;;;;;;;;;;;;;;;;;;;;x;;;;;;;;;;;;;;;;;,,,,,,,
crat_4.1_desc;We have currently capped bureaucrat hiring at 4.1% per state.;;;;;;;;;;;;;;;;;;;;;;;x;;;;;;;;;;;;;;;;;,,,,,,,
crat_4.2;4.2% Bureaucrat Hiring Cap;;;;;;;;;;;;;;;;;;;;;;;x;;;;;;;;;;;;;;;;;,,,,,,,
crat_4.2_desc;We have currently capped bureaucrat hiring at 4.2% per state.;;;;;;;;;;;;;;;;;;;;;;;x;;;;;;;;;;;;;;;;;,,,,,,,
crat_4.3;4.3% Bureaucrat Hiring Cap;;;;;;;;;;;;;;;;;;;;;;;x;;;;;;;;;;;;;;;;;,,,,,,,
crat_4.3_desc;We have currently capped bureaucrat hiring at 4.3% per state.;;;;;;;;;;;;;;;;;;;;;;;x;;;;;;;;;;;;;;;;;,,,,,,,
crat_4.4;4.4% Bureaucrat Hiring Cap;;;;;;;;;;;;;;;;;;;;;;;x;;;;;;;;;;;;;;;;;,,,,,,,
crat_4.4_desc;We have currently capped bureaucrat hiring at 4.4% per state.;;;;;;;;;;;;;;;;;;;;;;;x;;;;;;;;;;;;;;;;;,,,,,,,
crat_4.5;4.5% Bureaucrat Hiring Cap;;;;;;;;;;;;;;;;;;;;;;;x;;;;;;;;;;;;;;;;;,,,,,,,
crat_4.5_desc;We have currently capped bureaucrat hiring at 4.5% per state.;;;;;;;;;;;;;;;;;;;;;;;x;;;;;;;;;;;;;;;;;,,,,,,,
crat_4.6;4.6% Bureaucrat Hiring Cap;;;;;;;;;;;;;;;;;;;;;;;x;;;;;;;;;;;;;;;;;,,,,,,,
crat_4.6_desc;We have currently capped bureaucrat hiring at 4.6% per state.;;;;;;;;;;;;;;;;;;;;;;;x;;;;;;;;;;;;;;;;;,,,,,,,
crat_4.7;4.7% Bureaucrat Hiring Cap;;;;;;;;;;;;;;;;;;;;;;;x;;;;;;;;;;;;;;;;;,,,,,,,
crat_4.7_desc;We have currently capped bureaucrat hiring at 4.7% per state.;;;;;;;;;;;;;;;;;;;;;;;x;;;;;;;;;;;;;;;;;,,,,,,,
crat_4.8;4.8% Bureaucrat Hiring Cap;;;;;;;;;;;;;;;;;;;;;;;x;;;;;;;;;;;;;;;;;,,,,,,,
crat_4.8_desc;We have currently capped bureaucrat hiring at 4.8% per state.;;;;;;;;;;;;;;;;;;;;;;;x;;;;;;;;;;;;;;;;;,,,,,,,
crat_4.9;4.9% Bureaucrat Hiring Cap;;;;;;;;;;;;;;;;;;;;;;;x;;;;;;;;;;;;;;;;;,,,,,,,
crat_4.9_desc;We have currently capped bureaucrat hiring at 4.9% per state.;;;;;;;;;;;;;;;;;;;;;;;x;;;;;;;;;;;;;;;;;,,,,,,,
help_ai;Moderate Boost to AI Economy;;;;;;;;;;;;;;;;;;;;x,,,,,;;;;;;;;;;;;;;;;;;;;,,
help_ai_mid;Moderate Boost to AI Economy;;;;;;;;;;;;;;;;;;;;x,,,,,;;;;;;;;;;;;;;;;;;;;,,
help_ai_late;Moderate Boost to AI Economy;;;;;;;;;;;;;;;;;;;;x,,,,,;;;;;;;;;;;;;;;;;;;;,,
disable_loans;No more loans for AI.;;;;;;;;;;;;;;;;;;;;x,,,,,;;;;;;;;;;;;;;;;;;;;,,
help_ai_free_trade;Forces the AI set Tarrifs Low.;;;;;;;;;;;;;;;;;;;;x,,,,,;;;;;;;;;;;;;;;;;;;;,,
help_ai_protectionism;Forces the AI to set Tariffs High.;;;;;;;;;;;;;;;;;;;;x,,,,,;;;;;;;;;;;;;;;;;;;;,,
chinese_economic_compensation;Great Leap Forward;;;;;;;;;;;;;;;;;;;;x,,,,,;;;;;;;;;;;;;;;;;;;;,,
rgo_changed;RGO Change Cooldown;;;;;;;;;;;;;;;;;;;;x,,,,,;;;;;;;;;;;;;;;;;;;;,,
rgo_changed_title;RGO Change Cooldown;;;;;;;;;;;;;;;;;;;;x,,,,,;;;;;;;;;;;;;;;;;;;;,,
rgo_changed_desc;You have recently taken a decision to change a RGO, you must wait a while before doing so again.;;;;;;;;;;;;;;;;;;;;x,,,,,;;;;;;;;;;;;;;;;;;;;,
switched_production;Switched Production;;;;;;;;;;;;;x,,,,,,,
switched_production_desc;The province has just switched its major production, and locals are still acclimatizing to the change.;;;;;;;;;;;;;x,,,,,,
player_unciv_mobilization;Player Controlled Uncivilized Nation;;;;;;;;;;;;x,,,,,,,
developing_bioweapons;Bioweapons in Development;;;;;;;;;;;;;;;;;;;;x,,,,,;;;;;;;;;;;;;;;;;;;;,,
developing_bioweapons_desc;After this modifier runs down you will have access to a decision while at war to deploy the Solomon Virus.;;;;;;;;;;;;;;;;;;;;x,,,,,;;;;;;;;;;;;;;;;;;;;,,
experimental_bioweapon;The Solomon Virus;;;;;;;;;;;;;;;;;;;;x,,,,,;;;;;;;;;;;;;;;;;;;;,,
experimental_bioweapon_desc;Once considered legend, now revived and modified to be even more infectious & deadly, this weapon can wipe out entire countries once deployed.;;;;;;;;;;;;;;;;;;;;x,,,,,;;;;;;;;;;;;;;;;;;;;
bioweapon_cooldown;Solomon Virus Under Cooldown;;;;;;;;;;;;;;;;;;;;x,,,,,;;;;;;;;;;;;;;;;;;;;,,
bioweapon_cooldown_desc;You must wait till the modifier disappears before deploying The Solomon Virus again.;;;;;;;;;;;;;;;;;;;;x,,,,,;;;;;;;;;;;;;;;;;;;;,,
tariff_efficiency_boost;Tariff Hotfix Boost;;;;;;;;;;;;;;;;;;;;x,,,,,;;;;;;;;;;;;;;;;;;;;,,
fairer_taxation;Taxation Relief;AllÃ©gement de la fiscalitÃ©;Besteuerung Relief;;Alivio de impuestos;;;;;;;;;x;;;;,,,,,,,
fairer_taxation1;Taxation Relief;AllÃ©gement de la fiscalitÃ©;Besteuerung Relief;;Alivio de impuestos;;;;;;;;;x;;;;,,,,,,,
fairer_taxation2;Taxation Relief;AllÃ©gement de la fiscalitÃ©;Besteuerung Relief;;Alivio de impuestos;;;;;;;;;x;;;;,,,,,,,
fairer_taxation3;Taxation Relief;AllÃ©gement de la fiscalitÃ©;Besteuerung Relief;;Alivio de impuestos;;;;;;;;;x;;;;,,,,,,,
migration_factor_reduced;No Migration from Province;;;;;;;;;;;;;;;;;;;;x,,,,,;;;;;;;;;;;;;;;;;;;;,,
migration_factor_reduced_title;No Migration from Province;;;;;;;;;;;;;;;;;;;;x,,,,,;;;;;;;;;;;;;;;;;;;;,,
migration_factor_reduced_desc;Due to the unemployment caused by switching to Lumber RGO, this province will not have any migration for two years untill pops can be reemployed with time.;;;;;;;;;;;;;;;;;;;;x,,,,,;;;;;;;;;;;;;;;;;;;;,
timber_employment_fix;Timber Employment Fix;;;;;;;;;;;;;;;;;;;;x,,,,,;;;;;;;;;;;;;;;;;;;;,,
timber_employment_fix_title;Timber Employment Fix;;;;;;;;;;;;;;;;;;;;x,,,,,;;;;;;;;;;;;;;;;;;;;,,
timber_employment_fix_desc;A temporary market reset for Lumber prices inorder to fix the unemployment bug caused by switching a province to a Lumber RGO.;;;;;;;;;;;;;;;;;;;;x,,,,,;;;;;;;;;;;;;;;;;;;;,,
immunity_from_influenza;Immunity from Influenza;;;;;;;;;;;;;x,,,,,,,
immunity_from_influenza_desc;Prevents Pandemic Influenza from recurring in your country as long as modifier is active.;;;;;;;;;;;;;x,,,,,,,
no_more_war_reperations;No More War Reperations Can be Added on You.;;;;;;;;;;;;;x,,,,,,,
no_more_war_reperations_desc;Due to the nature of stacking of War Reperations by multiple countries on a single nation, it is possible to earn 80% or even 120% of all income in a country leading to a unrecoverable situation when Reperations are added every-war.;;;;;;;;;;;;;x,,,,,,
civ_mobilization:Levée en Masse;;;;;;;;;;;;;x,,,,,,,
capital_change;Capital Changed.;;;;;;;;;;;;;x,,,,,,,
captial_change_desc;We have changed our capital and as a result we may not do this again for a period of time;;;;;;;;;;;;x,,,,,,,
immigrant_boost;Immigrant Boost;;;;;;;;;;;;;x,,,,,,,
immigrant_boost_desc;We have formed Little Italy and as a result are getting an influx of peoples mostly from Italy looking for a new home...;;;;;;;;;;;;x,,,,,,,