PROV1;Meridiani;x
PROV2;Sogiya;x
PROV3;Valenis;x
PROV4;Tharsica;x
PROV5;Aduropir;x
PROV6;Edemaham;x
PROV7;Kayleth;x
PROV8;Rasolas;x
PROV9;Rorega;x
PROV10;Chryse;x
PROV11;Notitya;x
PROV12;Sameek;x
PROV13;Wa;x
PROV14;Torozar;x
PROV15;Risafa;x
PROV16;Elysium;x
PROV17;Asogiya;x
PROV18;Lezirek;x
PROV19;Amorozar;x
PROV20;Syrtis;x
PROV21;Amazonis;x
PROV22;Arcadia;x
PROV23;Sega;x
PROV24;Togita;x
PROV25;Seslav;x
PROV26;Sar;x
PROV27;Kanaud;x
PROV28;Torazzaq;x
PROV29;Tamuti;x
PROV30;Kamara;x
PROV31;Bijaim;x
PROV32;Kodeter;x
PROV33;Tibokal;x
PROV34;Lint;x
PROV35;Wanila;x
PROV36;Noguigi;x
PROV37;Seetega;x
PROV38;Larais;x
PROV39;Kuin;x
PROV40;Wogija;x
PROV41;Namm;x
PROV42;Tomew;x
PROV43;Logozar;x
PROV44;Korawfiq;x
PROV45;Toda;x
PROV46;Baseek;x
PROV47;Kareer;x
PROV48;Bogega;x
PROV49;Kantay;x
PROV50;Lermaham;x
PROV51;Nuju;x
PROV52;Tonaham;x
PROV53;Subying;x
PROV54;Lolakrim;x
PROV55;Neodore;x
PROV56;Kabdoras;x
PROV57;Teonie;x
PROV58;Hangington;x
PROV59;Qyasema;x
PROV60;Ennanca;x
PROV61;Emadem;x
PROV62;Mamaxis;x
PROV63;Tucita;x
PROV64;Kunting;x
PROV65;Wanuko;x
PROV66;Tadinat;x
PROV67;Qenaran;x
PROV68;Kya;x
PROV69;Forse;x
PROV70;Raladan;x
PROV71;Warura;x
PROV72;Qyaa;x
PROV73;Upper Alba;x
PROV74;Lacudo;x
PROV75;Esporos;x
PROV76;Tegoger;x
PROV77;Doridia;x
PROV78;Bevan;x
PROV79;Malma;x
PROV80;Herradum;x
PROV81;Ader-Ura;x
PROV82;Savam;x
PROV83;Ryoa;x
PROV84;Quradan;x
PROV85;Edhamohn;x
PROV86;Kamudan;x
PROV87;Akamud;x
PROV88;Rucius;x
PROV89;Kamoger;x
PROV90;Bibirai;x
PROV91;Neneram;x
PROV92;Cydonia;x
PROV93;Kuaneco;x
PROV94;Sareph;x
PROV95;Amucath;x
PROV96;Samuko;x
PROV97;Akojema;x
PROV98;Kalihan;x
PROV99;Relam;x
PROV100;Bireodat;x
PROV101;Lajory;x
PROV102;Karahar;x
PROV103;Ekloger;x
PROV104;Tenina;x
PROV105;Karuin;x
PROV106;Noche;x
PROV107;Qevassa;x
PROV108;Noanius;x
PROV109;Qarayan;x
PROV110;Agevaani;x
PROV111;Sasirai;x
PROV112;Camelot;x
PROV113;Hellas;x
PROV114;Tyudilai;x
PROV115;Wabdurna;x
PROV116;Lakoka;x
PROV117;Togyuk;x
PROV118;Rarolon;x
PROV119;Kogiss;x
PROV120;Deinory;x
PROV121;Sanonne;x
PROV122;Qedideva;x
PROV123;Bajunno;x
PROV124;Doyan;x
PROV125;Latheek;x
PROV126;Tonyula;x
PROV127;Nodoja;x
PROV128;Taa;x
PROV129;Tojasia;x
PROV130;Katasa;x
PROV131;Ameludan;x
PROV132;Damiek;x
PROV133;Kaulara;x
PROV134;Binast;x
PROV135;Kotama;x
PROV136;Tyigiel;x
PROV137;Wyefalo;x
PROV138;Lake;x
PROV139;Tohecca;x
PROV140;Kuonni;x
PROV141;Taxeslav;x
PROV142;Raha;x
PROV143;Kunega;x
PROV144;Behugel;x
PROV145;Tizarya;x
PROV146;Kilacob;x
PROV147;Taraham;x
PROV148;Runita;x
PROV149;Tyatuko;x
PROV150;Devund;x
PROV151;Bajoras;x
PROV152;Wuducho;x
PROV153;Laulint;x
PROV154;Dacaya;x
PROV155;Wimaus;x
PROV156;Lolaya;x
PROV157;Terefan;x
PROV158;Bizarya;x
PROV159;Ranoura;x
PROV160;Tujin;x
PROV161;Tisanca;x
PROV162;Keludan;x
PROV163;Ecasozar;x
PROV164;Tabala;x
PROV165;Totitya;x
PROV166;Epichar;x
PROV167;Beridena;x
PROV168;Lawa;x
PROV169;Qerenna;x
PROV170;Wella;x
PROV171;Dina;x
PROV172;Taba;x
PROV173;Kanjay;x
PROV174;Raniel;x
PROV175;Namint;x
PROV176;Navabib;x
PROV177;Nyon;x
PROV178;Rekoger;x
PROV179;Wosai;x
PROV180;Nona;x
PROV181;Kaamal;x
PROV182;Keis;x
PROV183;Amekim;x
PROV184;Tumuisa;x
PROV185;Begs;x
PROV186;Ner-Ona;x
PROV187;Kutato;x
PROV188;Beynard;x
PROV189;Nekegin;x
PROV190;Sear;x
PROV191;Ryoo;x
PROV192;Raxirai;x
PROV193;Sineer;x
PROV194;Qurilip;x
PROV195;Ezakille;x
PROV196;Dalimon;x
PROV197;Eloreter;x
PROV198;Dunahad;x
PROV199;Ceraunia;x
PROV200;Eryang;x
PROV201;Edoja;x
PROV202;Ninanka;x
PROV203;Abelim;x
PROV204;Eferagan;x
PROV205;Derunnar;x
PROV206;Dararen;x
PROV207;Ecotijah;x
PROV208;Toisi;x
PROV209;Nagujin;x
PROV210;Rudo;x
PROV211;Kavohn;x
PROV212;Eligugei;x
PROV213;Wimizhi;x
PROV214;Kazara;x
PROV215;Etanila;x
PROV216;Esaloriy;x
PROV217;Kyer;x
PROV218;Tinahad;x
PROV219;Qyan;x
PROV220;Ebudary;x
PROV221;Nareth;x
PROV222;Kasonda;x
PROV223;Temyla;x
PROV224;Qilayya;x
PROV225;Dacaham;x
PROV226;Eleth;x
PROV227;Kicida;x
PROV228;Lahucha;x
PROV229;Open Ocean;x
PROV230;Open Ocean;x
PROV231;Lakawuj;x
PROV232;Egamily;x
PROV233;Kyevidda;x
PROV234;Talapo;x
PROV235;Elibi;x
PROV236;Beriz;x
PROV237;Tiegew;x
PROV238;Boloul;x
PROV239;Larunai;x
PROV240;Wilad;x
PROV241;Aglril;x
PROV242;Wereuta;x
PROV243;Duelle;x
PROV244;Kileco;x
PROV245;Susidis;x
PROV246;Afogitya;x
PROV247;Saruvje;x
PROV248;Duwund;x
PROV249;Apyad;x
PROV250;Borine;x
PROV251;Riss;x
PROV252;Karuigi;x
PROV253;Reocija;x
PROV254;Efolitya;x
PROV255;Ryuvine;x
PROV256;Ehamaut;x
PROV257;Nerar;x
PROV258;Emanomon;x
PROV259;Kivana;x
PROV260;Enyea;x
PROV261;Kautiat;x
PROV262;Taaz;x
PROV263;Wogua;x
PROV264;Tupaghu;x
PROV265;Kutawtus;x
PROV266;Baiy;x
PROV267;Basyana;x
PROV268;Retoa;x
PROV269;Reposlan;x
PROV270;Nokalram;x
PROV271;Teupiero;x
PROV272;Lenitya;x
PROV273;Teneka;x
PROV274;Leliek;x
PROV275;Tobina;x
PROV276;Neoka;x
PROV277;Ezeleva;x
PROV278;Kata;x
PROV279;Taarozar;x
PROV280;Takomez;x
PROV281;Rerawuj;x
PROV282;Balaud;x
PROV283;Qeymuslo;x
PROV284;Isidis;x
PROV285;Dareter;x
PROV286;Utopia;x
PROV287;Argyre;x
PROV288;Noachis;x
PROV289;Kanandi;x
PROV290;Suoen;x
PROV291;Nerivka;x
PROV292;Lidani;x
PROV293;Arabia;x
PROV294;Kudiera;x
PROV295;Denapa;x
PROV296;Revaim;x
PROV297;Renawma;x
PROV298;Rorang;x
PROV299;Neilaka;x
PROV300;Taxelm;x
PROV301;Kagoa;x
PROV302;Ricoste;x
PROV303;Daraila;x
PROV304;Nimue;x
PROV305;Waun;x
PROV306;Tyrrhena;x
PROV307;Abeneer;x
PROV308;Rarala;x
PROV309;Kubofia;x
PROV310;Ryuvelm;x
PROV311;Daedalia;x
PROV312;Qand;x
PROV313;Daresh;x
PROV314;Butibi;x
PROV315;Daasar;x
PROV316;Tibeter;x
PROV317;Olympus;x
PROV318;Keneba;x
PROV319;Koke;x
PROV320;Acidalia;x
PROV321;Adilekay;x
PROV322;Dilazik;x
PROV323;Bumanda;x
PROV324;Erajahar;x
PROV325;Teoda;x
PROV326;Atheoran;x
PROV327;Tunavo;x
PROV328;Activia;x
PROV329;Racinda;x
PROV330;Anoreva;x
PROV331;Wimedek;x
PROV332;Koloul;x
PROV333;Talan;x
PROV334;Lajata;x
PROV335;Tempe;x
PROV336;Taterna;x
PROV337;Amahegin;x
PROV338;Lunae;x
PROV339;Evimisha;x
PROV340;Remanu;x
PROV341;Rolorri;x
PROV342;Kojara;x
PROV343;Kamapa;x
PROV344;Kerujin;x
PROV345;Soanick;x
PROV346;Nomas;x
PROV347;Laromon;x
PROV348;Nuxisam;x
PROV349;Kenoise;x
PROV350; ;x
PROV351;Tareir;x
PROV352;Nyatine;x
PROV353;Kalias;x
PROV354;Tinoka;x
PROV355;Ticarat;x
PROV356;Rahina;x
PROV357;Abogoatl;x
PROV358;Nyilija;x
PROV359; ;x
PROV360;Kenang;x
PROV361;Wolurli;x
PROV362;Qatar;x
PROV363;Kabajit;x
PROV364;Qamaut;x
PROV365;Tiloslan;x
PROV366;Elikusa;x
PROV367;Nurek;x
PROV368;Dohiban;x
PROV369;Dalan;x
PROV370; ;x
PROV371; ;x
PROV372;Kaxira;x
PROV373;Torala;x
PROV374;Etutodia;x
PROV375;Nuulila;x
PROV376; ;x
PROV377;Secim;x
PROV378;Qachadu;x
PROV379; ;x
PROV380;Wyuseya;x
PROV381;Ronantia;x
PROV382;Wisevan;x
PROV383;Nelle;x
PROV384;Sidurna;x
PROV385;Kahoste;x
PROV386;Tezude;x
PROV387;Enegira;x
PROV388;Elijah;x
PROV389;Dekius;x
PROV390;Rodael;x
PROV391;Dernat;x
PROV392;Nacouhi;x
PROV393;Wudaneon;x
PROV394;Qukoquz;x
PROV395;Lyusuvje;x
PROV396;Nohalin;x
PROV397;Bopitya;x
PROV398;Ronne;x
PROV399;Teth;x
PROV400;Qecorri;x
PROV401;Qaytiero;x
PROV402;Tudrd;x
PROV403;Tarak;x
PROV404;Wayteye;x
PROV405;Saniyel;x
PROV406;Tanidis;x
PROV407;Kajella;x
PROV408;Xanthe;x
PROV409;Coprates;x
PROV410;Kuwarde;x
PROV411;Sodade;x
PROV412;Anaria;x
PROV413;Qituara;x
PROV414;Nucanko;x
PROV415;Dierian;x
PROV416;Tilalis;x
PROV417;Dary;x
PROV418;Wiseka;x
PROV419;Kenisha;x
PROV420;Egisokol;x
PROV421;Tohara;x
PROV422;Lulinn;x
PROV423;Wufara;x
PROV424;Qeritya;x
PROV425;Asomir;x
PROV426;Kaka;x
PROV427;Daideva;x
PROV428;Kalaud;x
PROV429;Nyehayor;x
PROV430;Qariat;x
PROV431; ;x
PROV432;Ratibad;x
PROV433;Doimita;x
PROV434;Avimena;x
PROV435;Asahund;x
PROV436;Byasessa;x
PROV437;Sirenum;x
PROV438; ;x
PROV439;Tural;x
PROV440;Tacaham;x
PROV441;Aluulena;x
PROV442;Nisom;x
PROV443;Lanarat;x
PROV444;Birith;x
PROV445; ;x
PROV446;Tyia;x
PROV447;Kariero;x
PROV448;Wariisa;x
PROV449;Sahaster;x
PROV450;Bopisha;x
PROV451;Tautigun;x
PROV452; ;x
PROV453;Kufozar;x
PROV454;Promethei;x
PROV455;Terge;x
PROV456;Kelerro;x
PROV457;Keremey;x
PROV458;Nelaria;x
PROV459;Lagand;x
PROV460;Wobim;x
PROV461;Wanapal;x
PROV462;Leocemey;x
PROV463;Ragidda;x
PROV464;Keansa;x
PROV465;Notato;x
PROV466;Pavonis;x
PROV467;Qaasegs;x
PROV468;Ruulard;x
PROV469;Tuhakk;x
PROV470;Kudoke;x
PROV471;Saxaham;x
PROV472;Banann;x
PROV473;Qanusbu;x
PROV474;Keritya;x
PROV475; ;x
PROV476; ;x
PROV477;Asufory;x
PROV478;Seocick;x
PROV479;Sivisha;x
PROV480;Kotemey;x
PROV481;Noberas;x
PROV482;Tacoste;x
PROV483;Walilai;x
PROV484;Bida;x
PROV485;Lian;x
PROV486;Lubelbo;x
PROV487;Wimund;x
PROV488;Enavo;x
PROV489;Wainha;x
PROV490;Wijonne;x
PROV491;Tonang;x
PROV492;Byeviat;x
PROV493;Asususa;x
PROV494;Qitram;x
PROV495;Singe;x
PROV496;Kikoj;x
PROV497;Ryi;x
PROV498;Necya;x
PROV499; ;x
PROV500;Terang;x
PROV501;Reinaud;x
PROV502;Renain;x
PROV503; ;x
PROV504;Qolichel;x
PROV505;Esviat;x
PROV506;Qinaha;x
PROV507; ;x
PROV508; ;x
PROV509;Aonia;x
PROV510;Temira;x
PROV511; ;x
PROV512;Ebozaba;x
PROV513;Exiya;x
PROV514;Lareva;x
PROV515; ;x
PROV516;Duigun;x
PROV517;Esanard;x
PROV518;Tict;x
PROV519; ;x
PROV520;Simund;x
PROV521;Apoyaude;x
PROV522;Siaged;x
PROV523;Capri;x
PROV524;Logemey;x
PROV525;Etadalp;x
PROV526; ;x
PROV527;Reyalan;x
PROV528;Tatelbo;x
PROV529;Elilda;x
PROV530;Kupine;x
PROV531; ;x
PROV532;Qicou;x
PROV533;Noctis Labyrinthus;x
PROV534;Keparcia;x
PROV535;Telani;x
PROV536;Tyuline;x
PROV537;Repe;x
PROV538;Negalc;x
PROV539;Rineig;x
PROV540;Thaumasia;x
PROV541;Icaria;x
PROV542;Wacahra;x
PROV543; ;x
PROV544;Reitl;x
PROV545; ;x
PROV546;Talapur;x
PROV547;Rikugh;x
PROV548;Raxozar;x
PROV549;Aquneka;x
PROV550; ;x
PROV551;Noruin;x
PROV552;Dutine;x
PROV553;Saha;x
PROV554;Wilelm;x
PROV555;Tudyla;x
PROV556;Qeka;x
PROV557;Ryilodu;x
PROV558;Nategs;x
PROV559;Tobigo;x
PROV560;Amizo;x
PROV561;Lanam;x
PROV562;Taxeriu;x
PROV563;Sutaster;x
PROV564;Seocokol;x
PROV565;Esaideva;x
PROV566;Raluara;x
PROV567;Tajou;x
PROV568;Surei;x
PROV569;Taneike;x
PROV570;Nosize;x
PROV571;Regand;x
PROV572;Duneike;x
PROV573;Rorri;x
PROV574;Rodiwen;x
PROV575;Kememey;x
PROV576;Edavimar;x
PROV577;Dodakk;x
PROV578;Syi;x
PROV579;Dayohn;x
PROV580;Wani;x
PROV581;Najai;x
PROV582;Bobila;x
PROV583;Ehakk;x
PROV584;Hesperia;x
PROV585;Asvepes;x
PROV586;Demd;x
PROV587;Nalaha;x
PROV588;Tawoj;x
PROV589;Kufoj;x
PROV590; ;x
PROV591;Biram;x
PROV592;Kemantia;x
PROV593;Livenes;x
PROV594;Raleth;x
PROV595;Toigar;x
PROV596;Toka;x
PROV597;Tizovke;x
PROV598;Abhaseya;x
PROV599;Teas;x
PROV600;Dalit;x
PROV601; ;x
PROV602;Enunir;x
PROV603;Qelaria;x
PROV604;Watun;x
PROV605;Natili;x
PROV606;Wurga;x
PROV607;Tonnu;x
PROV608;Arateike;x
PROV609; ;x
PROV610;Wubing;x
PROV611;Sanar;x
PROV612;Qibeas;x
PROV613;Keocurd;x
PROV614; ;x
PROV615;Koragha;x
PROV616;Aratora;x
PROV617;Hebes Chasma;x
PROV618;Wobepes;x
PROV619;Nerashir;x
PROV620;Kavion;x
PROV621;Welagha;x
PROV622;Etadilip;x
PROV623;Ruroul;x
PROV624;Tesaide;x
PROV625;Darune;x
PROV626;Kenitya;x
PROV627;Qarim;x
PROV628;Taisulie;x
PROV629;Bulaide;x
PROV630;Kisaac;x
PROV631;Torake;x
PROV632;Dalemir;x
PROV633;Keaney;x
PROV634;Emufilu;x
PROV635;Wuwadevi;x
PROV636;Tenain;x
PROV637;Tokato;x
PROV638;Karuci;x
PROV639;Kamsam;x
PROV640;Juven;x
PROV641;Aratira;x
PROV642; ;x
PROV643;Layazar;x
PROV644;Relas;x
PROV645;Tyuneila;x
PROV646;Tujanka;x
PROV647;Kaleuta;x
PROV648;Raralc;x
PROV649;Rukanka;x
PROV650;Wounisa;x
PROV651;Lenad;x
PROV652;Qahathi;x
PROV653; ;x
PROV654;Alucooma;x
PROV655;Kayman;x
PROV656; ;x
PROV657;Loma;x
PROV658;Raurde;x
PROV659;Ekelelme;x
PROV660;Kahefiy;x
PROV661;Leupur;x
PROV662;Kohassi;x
PROV663;Rerang;x
PROV664;Arenarma;x
PROV665;Renost;x
PROV666;Tetelia;x
PROV667;Balca;x
PROV668;Vastitas;x
PROV669;Tanagan;x
PROV670;Tialn;x
PROV671;Darins;x
PROV672;Wokinn;x
PROV673;Qiedas;x
PROV674;Dalilay;x
PROV675;Qeroan;x
PROV676;Syehepes;x
PROV677;Bisuall;x
PROV678;Marineris;x
PROV679;Rereer;x
PROV680;Titya;x
PROV681;Qaring;x
PROV682;Wabance;x
PROV683;Ryasutuq;x
PROV684;Nopand;x
PROV685;Egag;x
PROV686;Diusevi;x
PROV687;Kayoll;x
PROV688;Kakim;x
PROV689;Welond;x
PROV690;Diacria;x
PROV691;Tasing;x
PROV692;Em;x
PROV693; ;x
PROV694;Korort;x
PROV695;Turyze;x
PROV696;Ejadiog;x
PROV697;Tavay;x
PROV698;Ramata;x
PROV699;Rutunda;x
PROV700;Tuderas;x
PROV701;Asar;x
PROV702;Qumeya;x
PROV703;Ladew;x
PROV704;Laranu;x
PROV705;Baluji;x
PROV706;Awasuvje;x
PROV707;Wedengar;x
PROV708;Rinaimi;x
PROV709;Kabitya;x
PROV710;Kanalme;x
PROV711;Qararam;x
PROV712;Robiyah;x
PROV713;Ryoai;x
PROV714;Nuwima;x
PROV715;Kibuji;x
PROV716;Sisahim;x
PROV717;Tucoras;x
PROV718;Etarin;x
PROV719;Binius;x
PROV720;Tegeyao;x
PROV721;Ajabiana;x
PROV722;Quanakk;x
PROV723;Amita;x
PROV724;Rele;x
PROV725;Watilvi;x
PROV726;Takati;x
PROV727;Kolaida;x
PROV728;Renitya;x
PROV729; ;x
PROV730;Segevi;x
PROV731;Nepenthes;x
PROV732;Ejacuma;x
PROV733;Kobenia;x
PROV734;Tareya;x
PROV735;Rafelen;x
PROV736;Terna;x
PROV737;Ryunifa;x
PROV738;Tauleca;x
PROV739;Ekenapa;x
PROV740;Nanama;x
PROV741;Estelen;x
PROV742;Lebegen;x
PROV743;Tibeph;x
PROV744;Terna;x
PROV745;Sarutuq;x
PROV746;Revenda;x
PROV747;Qyaraqar;x
PROV748;Nalofan;x
PROV749;Solenzu;x
PROV750;Dinild;x
PROV751;Eterara;x
PROV752;Eterisa;x
PROV753;Candoria;x
PROV754;Taviya;x
PROV755;Suall;x
PROV756;Rozar;x
PROV757;Adomihal;x
PROV758;Qeneth;x
PROV759;Tonantia;x
PROV760;Aburi;x
PROV761; ;x
PROV762;Rebena;x
PROV763;Larey;x
PROV764;Agodubb;x
PROV765;Daros;x
PROV766;Candor Chasma;x
PROV767;Tamaid;x
PROV768;Apetakk;x
PROV769;Tuzaram;x
PROV770;Wenzu;x
PROV771;Wanena;x
PROV772;Alela;x
PROV773;Kohele;x
PROV774;Bebulay;x
PROV775;Kelolam;x
PROV776;Kemying;x
PROV777;Arodiya;x
PROV778;Kelew;x
PROV779;Tucoste;x
PROV780;Koste;x
PROV781;Apagaac;x
PROV782;Agalonse;x
PROV783;Sakerge;x
PROV784;Qyuo;x
PROV785;Lecyka;x
PROV786;Nonno;x
PROV787;Kamold;x
PROV788;Tasazd;x
PROV789;Leloan;x
PROV790;Sabaea;x
PROV791;Ereka;x
PROV792;Wucuzma;x
PROV793;Nodiyah;x
PROV794;Deucalionis;x
PROV795;Azaynine;x
PROV796;Tagyka;x
PROV797;Racidda;x
PROV798;Baetis Chasma;x
PROV799;Bemang;x
PROV800;Ageruzh;x
PROV801;Seleah;x
PROV802;Tulavid;x
PROV803;Badenda;x
PROV804;Sayliz;x
PROV805;Terakrim;x
PROV806;Deman;x
PROV807;Ecleva;x
PROV808;Sugike;x
PROV809;Byasapa;x
PROV810;Esiruall;x
PROV811;Kerand;x
PROV812;Neyfine;x
PROV813;Talati;x
PROV814;Balirai;x
PROV815;Esainena;x
PROV816;Pandorae;x
PROV817;Kagina;x
PROV818;Tasoete;x
PROV819;Kawayor;x
PROV820;Warrego Valles;x
PROV821;Kodima;x
PROV822;Ruoranos;x
PROV823;Weiraret;x
PROV824;Kotyka;x
PROV825;Toluvje;x
PROV826;Rorepi;x
PROV827;Saridda;x
PROV828;Tatili;x
PROV829;Ophir Planum;x
PROV830;Dopemey;x
PROV831;Eilohan;x
PROV832;Koteca;x
PROV833;Lilkas;x
PROV834;Qarala;x
PROV835;Deirim;x
PROV836;Tazimon;x
PROV837; ;x
PROV838;Basaya;x
PROV839;Qered;x
PROV840;Aterelen;x
PROV841; ;x
PROV842;Ramampa;x
PROV843;Rorade;x
PROV844;Roragha;x
PROV845;Emisibor;x
PROV846;Lahubu;x
PROV847;Labdisii;x
PROV848;Sinala;x
PROV849;Syria;x
PROV850;Egisala;x
PROV851;Baqarma;x
PROV852;Teran;x
PROV853;Duop;x
PROV854;Labagol;x
PROV855;Benana;x
PROV856;Bupo;x
PROV857;Raralih;x
PROV858;Qecateh;x
PROV859;Tosidda;x
PROV860;Nacijah;x
PROV861;Romomir;x
PROV862;Qusais;x
PROV863;Elided;x
PROV864;Qinanka;x
PROV865; ;x
PROV866;Qyevons;x
PROV867;Karicta;x
PROV868; ;x
PROV869;Sameni;x
PROV870;Emareek;x
PROV871;Wotand;x
PROV872;Qena;x
PROV873;Rotyamo;x
PROV874;Remuara;x
PROV875;Qasazi;x
PROV876;Kizulan;x
PROV877;Totyamo;x
PROV878;Eranura;x
PROV879;Negin;x
PROV880;Wolitya;x
PROV881;Enarim;x
PROV882; ;x
PROV883;Belal;x
PROV884;Savo;x
PROV885;Kanakra;x
PROV886;Tenagha;x
PROV887;Kisusbu;x
PROV888; ;x
PROV889; ;x
PROV890;Lemayn;x
PROV891;Kyupo;x
PROV892;Rirasus;x
PROV893;Ebogira;x
PROV894;Kobaram;x
PROV895;Egaledey;x
PROV896;Kelarak;x
PROV897;Barasa;x
PROV898;Wecateh;x
PROV899;Telafu;x
PROV900;Soley;x
PROV901;Taboke;x
PROV902;Qalalka;x
PROV903;Akaminga;x
PROV904;Banemar;x
PROV905;Rorirve;x
PROV906;Raqar;x
PROV907;Werenda;x
PROV908;Cassini;x
PROV909;Wizoja;x
PROV910;Kaymama;x
PROV911;Rateeli;x
PROV912;Rurong;x
PROV913;Wonse;x
PROV914;Wenory;x
PROV915;Taverro;x
PROV916;Rilkas;x
PROV917;Egabaghu;x
PROV918;Kebish;x
PROV919;Rasepes;x
PROV920;Etrayaad;x
PROV921;Subyuk;x
PROV922;Lagita;x
PROV923;Reloila;x
PROV924; ;x
PROV925;Kinomir;x
PROV926;Kyasika;x
PROV927;Copernicus;x
PROV928;Bohn;x
PROV929;Kalaf;x
PROV930;Riin;x
PROV931;Kajit;x
PROV932;Ducune;x
PROV933;Kory;x
PROV934;Lyuha;x
PROV935;Leyeos;x
PROV936;Taazika;x
PROV937;Ewalajit;x
PROV938;Tenupo;x
PROV939;Neonala;x
PROV940;Delateh;x
PROV941;Akaluraq;x
PROV942;Binuna;x
PROV943;Lerolas;x
PROV944;Arela;x
PROV945;Elitya;x
PROV946;Qaneer;x
PROV947;Rucida;x
PROV948;Tosavo;x
PROV949;Tanelen;x
PROV950;Erakr;x
PROV951;Koumike;x
PROV952;Tarakk;x
PROV953;Talenna;x
PROV954;Keminda;x
PROV955;Daroise;x
PROV956;Wuragan;x
PROV957;Toman;x
PROV958; ;x
PROV959;Emawud;x
PROV960;Ethotte;x
PROV961;Loj;x
PROV962;Sodyka;x
PROV963;Tucigun;x
PROV964;Segeras;x
PROV965;Warena;x
PROV966;Neledey;x
PROV967;Durassa;x
PROV968;Tacaula;x
PROV969;Areinoa;x
PROV970;Tanippin;x
PROV971;Qan;x
PROV972;Basevi;x
PROV973;Kepler;x
PROV974;Telari;x
PROV975;Antoniadi;x
PROV976;Taneyao;x
PROV977;Kodew;x
PROV978;Serao;x
PROV979;Qamunka;x
PROV980;Abusbu;x
PROV981;Lilaig;x
PROV982;Etrald;x
PROV983;Nenzu;x
PROV984;Salilen;x
PROV985;Akujai;x
PROV986;Rikahra;x
PROV987;Keleph;x
PROV988;Salka;x
PROV989;Todach;x
PROV990;Kevur;x
PROV991;Rikaul;x
PROV992;Kusory;x
PROV993;Ruitlu;x
PROV994;Etoyau;x
PROV995;Dauloul;x
PROV996;Titanka;x
PROV997;Webine;x
PROV998;Risuall;x
PROV999;Qajayim;x
PROV1000;Tusohn;x
PROV1001;Dimeph;x
PROV1002;Ledila;x
PROV1003;Kasukar;x
PROV1004;Dakenda;x
PROV1005;Naluzma;x
PROV1006;Lanyamo;x
PROV1007;Wamavo;x
PROV1008;Seleva;x
PROV1009;Reranga;x
PROV1010;Welaram;x
PROV1011;Kizarun;x
PROV1012;Eleahpen;x
PROV1013;Adageer;x
PROV1014;Lava;x
PROV1015;Dathedey;x
PROV1016;Wying;x
PROV1017;Ryeju;x
PROV1018;Selanga;x
PROV1019;Taran;x
PROV1020;Akugam;x
PROV1021;Roua;x
PROV1022;Esee;x
PROV1023;Lozalka;x
PROV1024;Wisaqar;x
PROV1025;Kodulun;x
PROV1026;Nacoka;x
PROV1027;Kodinaj;x
PROV1028;Loledey;x
PROV1029;Kizuda;x
PROV1030;Keana;x
PROV1031;Kolukpo;x
PROV1032;Lowell;x
PROV1033;Riatava;x
PROV1034;Nareph;x
PROV1035;Galle;x
PROV1036;Rakitya;x
PROV1037;Wodamd;x
PROV1038;Sinyka;x
PROV1039;Sojeer;x
PROV1040;Lotad;x
PROV1041;Samonas;x
PROV1042;Qenotho;x
PROV1043;Barnard;x
PROV1044;Tiatate;x
PROV1045;Disalka;x
PROV1046;Qaseek;x
PROV1047;Dakaya;x
PROV1048;Eburita;x
PROV1049;Kanemir;x
PROV1050;Lereinn;x
PROV1051;Tate;x
PROV1052;Dawes;x
PROV1053;Beyao;x
PROV1054;Kayafu;x
PROV1055;Flammarion;x
PROV1056;Bouheph;x
PROV1057;Aguidy;x
PROV1058;Kisipaz;x
PROV1059;Dinyuchi;x
PROV1060;Dalair;x
PROV1061;Rohali;x
PROV1062;Kulisce;x
PROV1063;Nyonu;x
PROV1064;Lathani;x
PROV1065;Losana;x
PROV1066;Rupusbu;x
PROV1067;Denning;x
PROV1068;Deyfion;x
PROV1069;Tautaac;x
PROV1070;Timaide;x
PROV1071;Benegs;x
PROV1072;Adaguti;x
PROV1073;Teleova;x
PROV1074;Epirinu;x
PROV1075;Emegobos;x
PROV1076;Ehyhan;x
PROV1077;Lobaud;x
PROV1078;Sozar;x
PROV1079;Lohyho;x
PROV1080;Averim;x
PROV1081;Rehampa;x
PROV1082;Konimon;x
PROV1083;Asanusbu;x
PROV1084;Beleuta;x
PROV1085;Labdina;x
PROV1086;Nisite;x
PROV1087;Babitya;x
PROV1088;Qyadaig;x
PROV1089;Ranatha;x
PROV1090;Adeyao;x
PROV1091;Bakoja;x
PROV1092;Erefeni;x
PROV1093;Nerita;x
PROV1094;Kaberkan;x
PROV1095;Sahemma;x
PROV1096;Kying;x
PROV1097;Athong;x
PROV1098;Ronto;x
PROV1099;Denain;x
PROV1100;Andibah;x
PROV1101;Rutaani;x
PROV1102;Baidiye;x
PROV1103;Kahara;x
PROV1104;Bapella;x
PROV1105;Kibinie;x
PROV1106;Ler;x
PROV1107;Amadeusz;x
PROV1108;Siruna;x
PROV1109;Tiubuna;x
PROV1110;Korohn;x
PROV1111;Abiurong;x
PROV1112;Byusyt;x
PROV1113;Radili;x
PROV1114;Ahjeth;x
PROV1115;Tusash;x
PROV1116;Alopega;x
PROV1117;Pickering;x
PROV1118;Tenart;x
PROV1119;Runda;x
PROV1120;Kaymele;x
PROV1121;Bajavi;x
PROV1122;Aniceis;x
PROV1123;Rabula;x
PROV1124;Proctor;x
PROV1125;Tananjay;x
PROV1126;Bumunai;x
PROV1127;Ajobuha;x
PROV1128;Deextus;x
PROV1129;Abadamur;x
PROV1130;Laning;x
PROV1131;Saboras;x
PROV1132;Ryoukine;x
PROV1133;Sisau;x
PROV1134;Qaliog;x
PROV1135;Ralarun;x
PROV1136;Acluida;x
PROV1137;Keupawud;x
PROV1138;Danusbu;x
PROV1139;Denar;x
PROV1140;Daisou;x
PROV1141;Emerigun;x
PROV1142;Larizhen;x
PROV1143;Sicilda;x
PROV1144;Sicou;x
PROV1145;Ajobuida;x
PROV1146;Sounal;x
PROV1147;Qosusoy;x
PROV1148;Tikhonravov;x
PROV1149;Dumandar;x
PROV1150;Lampland;x
PROV1151;Tadoul;x
PROV1152;Randaa;x
PROV1153;Anala;x
PROV1154;Bemoste;x
PROV1155;Koutanu;x
PROV1156;Asopyka;x
PROV1157;Atuberic;x
PROV1158;Reelafn;x
PROV1159;Kunowsky;x
PROV1160;Banory;x
PROV1161;Sawemir;x
PROV1162;Ranili;x
PROV1163;Dyeju;x
PROV1164;Wirit;x
PROV1165;Qairanu;x
PROV1166;Kumoura;x
PROV1167;Linon;x
PROV1168;Aherija;x
PROV1169;Nabamur;x
PROV1170;Akamiya;x
PROV1171;Wahadhi;x
PROV1172;Kanavac;x
PROV1173;Bosajan;x
PROV1174;Byiga;x
PROV1175;Abhipaz;x
PROV1176;Milankovic;x
PROV1177;Epedula;x
PROV1178;Rumashi;x
PROV1179;Rikavy;x
PROV1180;Taronne;x
PROV1181;Wenerlo;x
PROV1182;Etena;x
PROV1183;Notah;x
PROV1184;Lizarun;x
PROV1185;Wina;x
PROV1186;Teuves;x
PROV1187;Qalunda;x
PROV1188;Laul;x
PROV1189;Tolaac;x
PROV1190;Kabdenia;x
PROV1191;Nelina;x
PROV1192;Lobund;x
PROV1193;Korolev;x
PROV1194;Kalanu;x
PROV1195;Taicimha;x
PROV1196;Roheas;x
PROV1197;Widda;x
PROV1198;Elordan;x
PROV1199;Ruvaul;x
PROV1200;Damalda;x
PROV1201;Babdajid;x
PROV1202;Tegara;x
PROV1203;Tehoura;x
PROV1204;Wala;x
PROV1205;Ehawemir;x
PROV1206;Wyes;x
PROV1207;Ralijah;x
PROV1208;Romelle;x
PROV1209;Tedisa;x
PROV1210;Tamavac;x
PROV1211;Taromas;x
PROV1212;Egomyana;x
PROV1213;Renerge;x
PROV1214;Neline;x
PROV1215;Ejaralp;x
PROV1216;Roanory;x
PROV1217;Luhailo;x
PROV1218;Tiloul;x
PROV1219;Wegost;x
PROV1220;Kayyubt;x
PROV1221;Samiam;x
PROV1222;Wacyl;x
PROV1223;Wevou;x
PROV1224;Kahad;x
PROV1225;Naram;x
PROV1226;Byho;x
PROV1227;Diirafn;x
PROV1228;Kohajit;x
PROV1229;Sezou;x
PROV1230;Kogiam;x
PROV1231;Licohn;x
PROV1232;Tolasin;x
PROV1233;Tamuda;x
PROV1234;Aravayla;x
PROV1235;Epirinu;x
PROV1236;Dolumay;x
PROV1237;Niubald;x
PROV1238;Asuviel;x
PROV1239;Wirtz;x
PROV1240;Kuiper;x
PROV1241;Temandar;x
PROV1242;Secchi;x
PROV1243;Deelija;x
PROV1244;Razesha;x
PROV1245;Bizai;x
PROV1246;Lohisa;x
PROV1247;Bieguo;x
PROV1248;Sainay;x
PROV1249;Bikiisa;x
PROV1250;Wageni;x
PROV1251;Tizurla;x
PROV1252;Telugei;x
PROV1253;Nisite;x
PROV1254;Kebozar;x
PROV1255;Dacirek;x
PROV1256;Dizora;x
PROV1257;Kulian;x
PROV1258;Qalarde;x
PROV1259;Tadou;x
PROV1260;Eljumay;x
PROV1261;Larrao;x
PROV1262;Releth;x
PROV1263;Kizudo;x
PROV1264;Eninivi;x
PROV1265;Bemoka;x
PROV1266;Qili;x
PROV1267;Ninafn;x
PROV1268;Avitutai;x
PROV1269;Luran;x
PROV1270;Kyaa;x
PROV1271;Abisipaz;x
PROV1272;Wazilge;x
PROV1273;Wurafiy;x
PROV1274;Amoqawma;x
PROV1275;Tovke;x
PROV1276;Tarinie;x
PROV1277;Adouwite;x
PROV1278;Schmidt;x
PROV1279;Epamalka;x
PROV1280;Ermaka;x
PROV1281;Walof;x
PROV1282;Maraldi;x
PROV1283;Emiwan;x
PROV1284;Nahoete;x
PROV1285;Wazed;x
PROV1286;Toth;x
PROV1287;Lockyer;x
PROV1288;Wakid;x
PROV1289;Ninatia;x
PROV1290;Tiye;x
PROV1291;Roor;x
PROV1292;Bouguer;x
PROV1293;Werubb;x
PROV1294;Kagnus;x
PROV1295;Tinena;x
PROV1296;Rulohn;x
PROV1297;Bubaham;x
PROV1298;Dasing;x
PROV1299;Renying;x
PROV1300;Tevuta;x
PROV1301;Egopohan;x
PROV1302;Qosolas;x
PROV1303;Knobel;x
PROV1304;Wujin;x
PROV1305;Kucala;x
PROV1306;Keupeta;x
PROV1307;Raroor;x
PROV1308;Relanko;x
PROV1309;Kuditula;x
PROV1310;Lagarna;x
PROV1311;Weruoxun;x
PROV1312;Kaiser;x
PROV1313;Timair;x
PROV1314;Wosalan;x
PROV1315;Nyang;x
PROV1316;Wimintis;x
PROV1317;Teotia;x
PROV1318;Qerelle;x
PROV1319;Rulay;x
PROV1320;Qautine;x
PROV1321;Bacita;x
PROV1322;Saadaht;x
PROV1323;Kokong;x
PROV1324;Lala;x
PROV1325;Vogel;x
PROV1326;Doduis;x
PROV1327; ;x
PROV1328;Etamarya;x
PROV1329;Tubatka;x
PROV1330;Aliryana;x
PROV1331;Kareuta;x
PROV1332;Koraud;x
PROV1333; ;x
PROV1334;Qeridha;x
PROV1335;Nitiisa;x
PROV1336;Larukee;x
PROV1337;Ratnu;x
PROV1338;Kava;x
PROV1339;Leonying;x
PROV1340;Nakaul;x
PROV1341;Kaderic;x
PROV1342;Kurtai;x
PROV1343;Avaluti;x
PROV1344;Kobuti;x
PROV1345;Liguta;x
PROV1346;Porter;x
PROV1347;Russell;x
PROV1348;Wimick;x
PROV1349;Lahyan;x
PROV1350;Woraya;x
PROV1351;Rold;x
PROV1352;Ryho;x
PROV1353;Ratyamo;x
PROV1354;Rajukee;x
PROV1355;Hussey;x
PROV1356;Kodeer;x
PROV1357;Kelieter;x
PROV1358;Walesar;x
PROV1359;Ralyana;x
PROV1360;Balam;x
PROV1361;Wallace;x
PROV1362;Qanunai;x
PROV1363;Wajal;x
PROV1364;Dudunya;x
PROV1365;Bimais;x
PROV1366;Temukpo;x
PROV1367;Delayya;x
PROV1368;Tefisa;x
PROV1369;Ralory;x
PROV1370;Nelunda;x
PROV1371;Ahawuida;x
PROV1372;Ewilius;x
PROV1373;Kobathi;x
PROV1374;Nabduina;x
PROV1375;Eterao;x
PROV1376;Afadari;x
PROV1377;Baurezo;x
PROV1378;Darwin;x
PROV1379;Amekalka;x
PROV1380;Satas;x
PROV1381;Wyaseria;x
PROV1382;Ranjhi;x
PROV1383;Akaul;x
PROV1384;Larard;x
PROV1385;Budelen;x
PROV1386;Asona;x
PROV1387;Lietire;x
PROV1388;Talius;x
PROV1389;Qattan;x
PROV1390;Relilof;x
PROV1391;Lamelec;x
PROV1392; ;x
PROV1393;Rudemna;x
PROV1394;Kanari;x
PROV1395;Ritita;x
PROV1396;Lambert;x
PROV1397;Keunda;x
PROV1398;Tulia;x
PROV1399;Phillips;x
PROV1400;Riseda;x
PROV1401;Kiludo;x
PROV1402;Kizepi;x
PROV1403;Rierrio;x
PROV1404;Tadoya;x
PROV1405;Ezantay;x
PROV1406;Rabozar;x
PROV1407;Tohenes;x
PROV1408;Taidun;x
PROV1409;Tettin;x
PROV1410;Erowen;x
PROV1411;Diseda;x
PROV1412;Reupail;x
PROV1413;Kerair;x
PROV1414;Rabarin;x
PROV1415;Kamas;x
PROV1416;Sazishe;x
PROV1417;Natd;x
PROV1418;Renusa;x
PROV1419;Tuoxun;x
PROV1420;Sahusi;x
PROV1421;Niura;x
PROV1422;Wyasimir;x
PROV1423;Limava;x
PROV1424;Wanory;x
PROV1425;Ejagafa;x
PROV1426;Nasuatl;x
PROV1427;Tucaul;x
PROV1428;Wananga;x
PROV1429;Sidia;x
PROV1430;Wiludo;x
PROV1431;Atatira;x
PROV1432;Qilotus;x
PROV1433;Nolandi;x
PROV1434;Tazuko;x
PROV1435;Ericemma;x
PROV1436;Lapudo;x
PROV1437;Reciruz;x
PROV1438;Recubb;x
PROV1439;Aprarma;x
PROV1440;Qahusi;x
PROV1441;Boeddicker;x
PROV1442;Dadost;x
PROV1443;Secusi;x
PROV1444;Nogoj;x
PROV1445;Etulun;x
PROV1446;Dilaz;x
PROV1447;Kileusz;x
PROV1448;Kemian;x
PROV1449;Deiroro;x
PROV1450;Ebugoj;x
PROV1451;Becquerel;x
PROV1452;Egasin;x
PROV1453;Nibosz;x
PROV1454;Nucash;x
PROV1455;Sogert;x
PROV1456;Curie;x
PROV1457;Nizozar;x
PROV1458;Egunemey;x
PROV1459;Dadarya;x
PROV1460;Raisalio;x
PROV1461;Sklodowska;x
PROV1462;Kukahtu;x
PROV1463;Adilika;x
PROV1464;Qoreer;x
PROV1465;Termali;x
PROV1466;Tilelm;x
PROV1467;Rolke;x
PROV1468;Esuvund;x
PROV1469;Nawumay;x
PROV1470;Noka;x
PROV1471;Qerael;x
PROV1472;Noliss;x
PROV1473;Raratia;x
PROV1474;Kasaham;x
PROV1475;Kasuda;x
PROV1476;Bosoch;x
PROV1477;Kasion;x
PROV1478;Wetari;x
PROV1479;Lolalka;x
PROV1480;Disyze;x
PROV1481;Sandu;x
PROV1482;Neiruk;x
PROV1483;Naruko;x
PROV1484;Bolimon;x
PROV1485;Kudidia;x
PROV1486;Lareth;x
PROV1487;Touwyad;x
PROV1488;Quravid;x
PROV1489;Kanikka;x
PROV1490;Kameuba;x
PROV1491;Kaseila;x
PROV1492;Azilay;x
PROV1493;Dorad;x
PROV1494;Bogiya;x
PROV1495;Togimha;x
PROV1496;Tarunda;x
PROV1497;Tubampa;x
PROV1498;Denzo;x
PROV1499;Qiesi;x
PROV1500;Kanaba;x
PROV1501;Kiraham;x
PROV1502;Baldet;x
PROV1503;Sapavid;x
PROV1504;Ramalda;x
PROV1505;Emolun;x
PROV1506;Kamawud;x
PROV1507;Kaiti;x
PROV1508;Dunaba;x
PROV1509;Kotonas;x
PROV1510;Tularan;x
PROV1511;Qiudaac;x
PROV1512;Kozar;x
PROV1513;Rinoa;x
PROV1514;Tawevon;x
PROV1515;Ketabba;x
PROV1516;Kamilay;x
PROV1517;Kumann;x
PROV1518;Sidilal;x
PROV1519;Dyal;x
PROV1520;Dareka;x
PROV1521;Radyab;x
PROV1522;Bororgia;x
PROV1523;Ademaicu;x
PROV1524;Nilani;x
PROV1525;Totasus;x
PROV1526;Wurakin;x
PROV1527;Belgil;x
PROV1528;Bahava;x
PROV1529;Tamata;x
PROV1530;Taxeth;x
PROV1531;Taloanna;x
PROV1532;Tagita;x
PROV1533;Sagoka;x
PROV1534;Tudo;x
PROV1535;Ekamacob;x
PROV1536;Resitya;x
PROV1537;Ruocb;x
PROV1538;Beman;x
PROV1539;Wert;x
PROV1540;Debas;x
PROV1541;Kenipaz;x
PROV1542;Saniek;x
PROV1543;Ritva;x
PROV1544;Tadyai;x
PROV1545;Athosz;x
PROV1546;Rechai;x
PROV1547;Ravira;x
PROV1548;Raop;x
PROV1549;Bianchini;x
PROV1550;Rozita;x
PROV1551;Kiara;x
PROV1552;Kisari;x
PROV1553;Ditulun;x
PROV1554;Belme;x
PROV1555;Naruin;x
PROV1556;Randew;x
PROV1557;Rinurd;x
PROV1558;Telamd;x
PROV1559;Rinenku;x
PROV1560;Radayla;x
PROV1561;Kineco;x
PROV1562;Tarella;x
PROV1563;Nauruti;x
PROV1564;Lamert;x
PROV1565;Taususha;x
PROV1566;Topluk;x
PROV1567;Torika;x
PROV1568;Evleorge;x
PROV1569;Taliur;x
PROV1570;Tadoila;x
PROV1571;Tuurj;x
PROV1572;Riniss;x
PROV1573;Epawud;x
PROV1574;Nisam;x
PROV1575;Egalael;x
PROV1576;Rabuyan;x
PROV1577;Kininu;x
PROV1578;Bilania;x
PROV1579;Trouvelot;x
PROV1580;Alank;x
PROV1581;Acasann;x
PROV1582;Tagamr;x
PROV1583;Rabiwan;x
PROV1584;Ahederd;x
PROV1585;Nola-Va;x
PROV1586;Nola;x
PROV1587;Senya;x
PROV1588;Nega;x
PROV1589;Egreya;x
PROV1590;Dira;x
PROV1591;Dizalotl;x
PROV1592;Seteva;x
PROV1593;Renudo;x
PROV1594;Riloman;x
PROV1595;Logega;x
PROV1596;Lalabha;x
PROV1597;Liruatl;x
PROV1598;Nenozar;x
PROV1599;Dakevon;x
PROV1600;Esadeir;x
PROV1601;Wolalotl;x
PROV1602;Evasora;x
PROV1603;Tivudo;x
PROV1604;Tolalih;x
PROV1605;Nilof;x
PROV1606;Rivurd;x
PROV1607;Baluti;x
PROV1608;Anira;x
PROV1609;Kudak;x
PROV1610;Anarita;x
PROV1611;Kisevan;x
PROV1612;Molesworth;x
PROV1613;Keajit;x
PROV1614;Sopan;x
PROV1615;Teonale;x
PROV1616;Qagunai;x
PROV1617;Kekarak;x
PROV1618;Rasun;x
PROV1619;Rabelet;x
PROV1620;Qaping;x
PROV1621;Qusith;x
PROV1622;Ragyula;x
PROV1623;Reryuk;x
PROV1624;Sicuzh;x
PROV1625;Korail;x
PROV1626;Kitiisa;x
PROV1627;Elupuyan;x
PROV1628;Nolitya;x
PROV1629;Kilyana;x
PROV1630;Kasavid;x
PROV1631;Keting;x
PROV1632;Acasiga;x
PROV1633;Nunitya;x
PROV1634;Qanou;x
PROV1635;Secol;x
PROV1636;Qolesh;x
PROV1637;Sinella;x
PROV1638;Kesh;x
PROV1639;Egorobos;x
PROV1640;Dilobel;x
PROV1641;Tuirn;x
PROV1642;Qeseka;x
PROV1643;Naheer;x
PROV1644;Tuminde;x
PROV1645;Kamali;x
PROV1646;Rivudo;x
PROV1647;Ezunania;x
PROV1648;Baliya;x
PROV1649;Sazara;x
PROV1650;Dagalgi;x
PROV1651;Tari;x
PROV1652;Terby;x
PROV1653;Ejosacob;x
PROV1654;Tinaud;x
PROV1655;Kazgul;x
PROV1656;Etibegin;x
PROV1657;Burila;x
PROV1658;Karutai;x
PROV1659;Kekouhi;x
PROV1660;Kohas;x
PROV1661;Qasudo;x
PROV1662;Enyuns;x
PROV1663;Nicholson;x
PROV1664;Wubate;x
PROV1665;Eddie;x
PROV1666;Qagoshi;x
PROV1667;Walema;x
PROV1668;Aximizam;x
PROV1669;Reinohn;x
PROV1670;Tiala;x
PROV1671;Asoras;x
PROV1672;Amarid;x
PROV1673;Rawuara;x
PROV1674;Sermukmo;x
PROV1675;Rashi;x
PROV1676;Lemuara;x
PROV1677;Kedous;x
PROV1678;Turavy;x
PROV1679;Rarella;x
PROV1680;Wedigo;x
PROV1681;Badaz;x
PROV1682;Lassell;x
PROV1683;Raviuva;x
PROV1684;Binyay;x
PROV1685;Qijenda;x
PROV1686;Tavka;x
PROV1687;Wagelmo;x
PROV1688;Toviuva;x
PROV1689;Torobel;x
PROV1690;Worelmo;x
PROV1691;Qilen;x
PROV1692;Takh;x
PROV1693;Ejofinio;x
PROV1694;Tanavid;x
PROV1695;Kisune;x
PROV1696;Wedous;x
PROV1697;Lesotia;x
PROV1698;Norevan;x
PROV1699;Nudoj;x
PROV1700;Adigo;x
PROV1701;Atielih;x
PROV1702;Boghan;x
PROV1703;Navid;x
PROV1704;Sarezo;x
PROV1705;Tamita;x
PROV1706;Deirolmo;x
PROV1707;Laiana;x
PROV1708;Raihona;x
PROV1709;Watilal;x
PROV1710;Dyasateh;x
PROV1711;Lacoan;x
PROV1712;Banihui;x
PROV1713;Kaboshi;x
PROV1714;Ekirit;x
PROV1715;Qeineth;x
PROV1716;Nanodia;x
PROV1717;Tulokal;x
PROV1718;Tadetar;x
PROV1719;Tetona;x
PROV1720;Kinegin;x
PROV1721;Tigira;x
PROV1722;Karogs;x
PROV1723;Maunder;x
PROV1724;Taura;x
PROV1725;Ralaria;x
PROV1726;Roumoda;x
PROV1727;Wimude;x
PROV1728;Sekira;x
PROV1729;Tujiwen;x
PROV1730;Daleki;x
PROV1731;Nosunai;x
PROV1732;Rilalil;x
PROV1733;Resemka;x
PROV1734;Tusith;x
PROV1735;Daherne;x
PROV1736;Biderin;x
PROV1737;Wupuna;x
PROV1738;Waranta;x
PROV1739;Esamin;x
PROV1740;Kopir;x
PROV1741;Egojanja;x
PROV1742;Dupou;x
PROV1743;Arago;x
PROV1744;Azozulk;x
PROV1745;Telaoge;x
PROV1746;Lolain;x
PROV1747;Elein;x
PROV1748;Qaria;x
PROV1749;Kanain;x
PROV1750;Redekay;x
PROV1751;Akosara;x
PROV1752;Kudyad;x
PROV1753;Rarika;x
PROV1754;Bonto;x
PROV1755;Dareva;x
PROV1756;Ramitya;x
PROV1757;Togidha;x
PROV1758;Kumidha;x
PROV1759;Saytathi;x
PROV1760;Waig;x
PROV1761;Kebourou;x
PROV1762;Bulono;x
PROV1763;Ryolicta;x
PROV1764;Teniek;x
PROV1765;Licopir;x
PROV1766;Tazevan;x
PROV1767;Regicta;x
PROV1768;Sutahat;x
PROV1769;Tacasus;x
PROV1770;Tusihui;x
PROV1771;Kasad;x
PROV1772;Liais;x
PROV1773;Senekay;x
PROV1774;Raicuslo;x
PROV1775;Keriyah;x
PROV1776;Reirith;x
PROV1777;Tasar;x
PROV1778;Hind;x
PROV1779;Namekel;x
PROV1780;Dajund;x
PROV1781;Ryusian;x
PROV1782;Rarara;x
PROV1783;Sarofie;x
PROV1784;Douglass;x
PROV1785;Tukahu;x
PROV1786;Raihund;x
PROV1787;Qajeco;x
PROV1788;Talaytas;x
PROV1789;Sorahat;x
PROV1790;Kuwe;x
PROV1791;Nimha;x
PROV1792;Recayya;x
PROV1793;Qahanyo;x
PROV1794;Qusbu;x
PROV1795;Narahu;x
PROV1796;Ributlu;x
PROV1797;Lacya;x
PROV1798;Kotaga;x
PROV1799;Tojosa;x
PROV1800;Delaz;x
PROV1801;Perrotin;x
PROV1802;Ruganyo;x
PROV1803;Bumann;x
PROV1804;Asins;x
PROV1805;Nelusha;x
PROV1806;Sarotan;x
PROV1807;Loucoul;x
PROV1808;Kerule;x
PROV1809;Eviacall;x
PROV1810;Rumita;x
PROV1811;Kaytaha;x
PROV1812;Riatan;x
PROV1813;Nohas;x
PROV1814;Kaciana;x
PROV1815;Semuno;x
PROV1816;Likinie;x
PROV1817;Rekain;x
PROV1818;Dadall;x
PROV1819;Telobos;x
PROV1820;Ragakh;x
PROV1821;Sehayya;x
PROV1822;Syua;x
PROV1823;Stoney;x
PROV1824;Bipole;x
PROV1825;Saolu;x
PROV1826;Agabiwan;x
PROV1827;Korert;x
PROV1828;Rineka;x
PROV1829;Williams;x
PROV1830;Kyasuge;x
PROV1831;Bausis;x
PROV1832;Evyet;x
PROV1833;Qiolng;x
PROV1834;Qoumuci;x
PROV1835;Tyanall;x
PROV1836;Dukim;x
PROV1837;Secilal;x
PROV1838;Solall;x
PROV1839;Ahonn;x
PROV1840;Borad;x
PROV1841;Kesarma;x
PROV1842;Banaaz;x
PROV1843;Silini;x
PROV1844;Salite;x
PROV1845;Daneuta;x
PROV1846;Korana;x
PROV1847;Toperge;x
PROV1848;Echeas;x
PROV1849;Kamitya;x
PROV1850;Delemba;x
PROV1851;Raroska;x
PROV1852;Ebenann;x
PROV1853;Rangar;x
PROV1854;Likan;x
PROV1855;Mitchel;x
PROV1856;Ralavar;x
PROV1857;Biutl;x
PROV1858;Arrhenius;x
PROV1859;Asamarma;x
PROV1860;Bisan;x
PROV1861;Wine;x
PROV1862;Wilomas;x
PROV1863;Sazerdi;x
PROV1864;Wegari;x
PROV1865;Ronotia;x
PROV1866;Nataga;x
PROV1867;Toria;x
PROV1868;Kavand;x
PROV1869;Simugno;x
PROV1870;Daetulk;x
PROV1871;Raland;x
PROV1872;Lamilge;x
PROV1873;Nilaga;x
PROV1874;Somayka;x
PROV1875;Reytn;x
PROV1876;Koqomez;x
PROV1877;Edrasta;x
PROV1878;Dahoald;x
PROV1879;Ranatan;x
PROV1880;Teline;x
PROV1881;Dacand;x
PROV1882;Eralita;x
PROV1883;Barovier;x
PROV1884;Biduna;x
PROV1885;Liciwan;x
PROV1886;Wusha;x
PROV1887;Dalusbu;x
PROV1888;Akad;x
PROV1889;Kerilia;x
PROV1890;Sohyuan;x
PROV1891;Bilund;x
PROV1892;Kyaca;x
PROV1893;Divuna;x
PROV1894;Bitene;x
PROV1895;Talka;x
PROV1896;Ralelg;x
PROV1897;Akari;x
PROV1898;Hargraves;x
PROV1899;Beonita;x
PROV1900;Sawfiq;x
PROV1901;Mariner;x
PROV1902;Daloja;x
PROV1903;Kocarid;x
PROV1904;Rupund;x
PROV1905;Talilia;x
PROV1906;Ryanonse;x
PROV1907;Tourou;x
PROV1908;Tyt;x
PROV1909;Qabitya;x
PROV1910;Kaicibor;x
PROV1911;Kaikinai;x
PROV1912;Viking;x
PROV1913;Qorim;x
PROV1914;Telite;x
PROV1915;Ascatan;x
PROV1916;Kerahtu;x
PROV1917;Asaulaha;x
PROV1918;Weridha;x
PROV1919;Sirutic;x
PROV1920;Wieyuun;x
PROV1921;Sasyab;x
PROV1922;Rimars;x
PROV1923;Lorobos;x
PROV1924;Pathfinder;x
PROV1925;Qagira;x
PROV1926;Sunes;x
PROV1927;Tibegin;x
PROV1928;Bajaih;x
PROV1929;Wehinus;x
PROV1930;Kogund;x
PROV1931;Donapur;x
PROV1932;Bibeelo;x
PROV1933;Elamatha;x
PROV1934;Tekala;x
PROV1935;Davaly;x
PROV1936;Riatila;x
PROV1937;Karabai;x
PROV1938;Kodian;x
PROV1939;Qanine;x
PROV1940;Kexuslo;x
PROV1941;Qyald;x
PROV1942;Agoropir;x
PROV1943;Delaham;x
PROV1944;Sojourner;x
PROV1945;Duninda;x
PROV1946;Badank;x
PROV1947;Terosz;x
PROV1948;Kapakk;x
PROV1949;Rormoz;x
PROV1950;Esateis;x
PROV1951;Saratis;x
PROV1952;Dunin;x
PROV1953;Qoraba;x
PROV1954;Toristan;x
PROV1955;Ecotirma;x
PROV1956;Rudah;x
PROV1957;Edine;x
PROV1958;Kosora;x
PROV1959;Raham;x
PROV1960;Keleytn;x
PROV1961;Kolas;x
PROV1962;Etatanna;x
PROV1963;Egutuist;x
PROV1964;Dating;x
PROV1965;Listan;x
PROV1966;Spirit;x
PROV1967;Asahinus;x
PROV1968;Kobard;x
PROV1969;Opportunity;x
PROV1970;Welesh;x
PROV1971;Phoenix;x
PROV1972;Tavicta;x
PROV1973;Curiosity;x
PROV1974;Tachine;x
PROV1975;Tavish;x
PROV1976;Ejesine;x
PROV1977;Ramyang;x
PROV1978;Eninutic;x
PROV1979;Anella;x
PROV1980;Wiacall;x
PROV1981;Qula;x
PROV1982;Segil;x
PROV1983;Qarita;x
PROV1984;Waviya;x
PROV1985;Edaneir;x
PROV1986;Perseverance;x
PROV1987;Nanarin;x
PROV1988;Byud;x
PROV1989;Ehine;x
PROV1990;Kerergun;x
PROV1991;Winatur;x
PROV1992;Ranorz;x
PROV1993;Qanarin;x
PROV1994;Tivoska;x
PROV1995;Asalard;x
PROV1996;Dutennu;x
PROV1997;Ronazi;x
PROV1998;Wadali;x
PROV1999;Zhurong;x
PROV2000;Natizam;x
PROV2001;Layania;x
PROV2002;Saaz;x
PROV2003;Taz;x
PROV2004;Lomayka;x
PROV2005;Rezain;x
PROV2006;Rerike;x
PROV2007;Rizuatl;x
PROV2008;Niberia;x
PROV2009;Qeisred;x
PROV2010;Ricins;x
PROV2011;Ragui;x
PROV2012;Karippa;x
PROV2013;Neineth;x
PROV2014;Dolun;x
PROV2015;Borard;x
PROV2016;Qeubka;x
PROV2017;Kahiek;x
PROV2018;Deram;x
PROV2019;Nebalme;x
PROV2020;Lumoman;x
PROV2021;Beagle;x
PROV2022;Wateir;x
PROV2023;Endeavour;x
PROV2024;Nevaran;x
PROV2025;Keleth;x
PROV2026;Watur;x
PROV2027;Tavapur;x
PROV2028;Ropama;x
PROV2029;Kurya;x
PROV2030;Qakule;x
PROV2031;Loputlu;x
PROV2032;Satepi;x
PROV2033;Nenatta;x
PROV2034;Dyia;x
PROV2035;Nund;x
PROV2036;Elund;x
PROV2037;Tohaka;x
PROV2038;Gusev;x
PROV2039;Naboun;x
PROV2040;Lanoka;x
PROV2041;Lumita;x
PROV2042;Edilal;x
PROV2043;Kenusi;x
PROV2044;Kahefia;x
PROV2045;Qedand;x
PROV2046;Latiek;x
PROV2047;Baresh;x
PROV2048;Alubar;x
PROV2049;Sapal;x
PROV2050;Tangar;x
PROV2051;Touttun;x
PROV2052;Tahti;x
PROV2053;Arars;x
PROV2054;Ladejda;x
PROV2055;Agerati;x
PROV2056;Jezero;x
PROV2057;Safega;x
PROV2058;Novayase;x
PROV2059;Qaconas;x
PROV2060;Bodilu;x
PROV2061;Tebava;x
PROV2062;Wubinai;x
PROV2063;Lumeuta;x
PROV2064;Dyousse;x
PROV2065;Tilielo;x
PROV2066;Latavak;x
PROV2067;Wutavo;x
PROV2068;Lubewal;x
PROV2069;Qamas;x
PROV2070;Doffer;x
PROV2071;Teloksa;x
PROV2072;Tayavje;x
PROV2073;Tomilda;x
PROV2074;Byasin;x
PROV2075;Noralo;x
PROV2076;Torideva;x
PROV2077;Lerann;x
PROV2078;Enarying;x
PROV2079;Taseva;x
PROV2080;Rasisii;x
PROV2081;Suroska;x
PROV2082;Lorofie;x
PROV2083;Libatta;x
PROV2084;Nunofan;x
PROV2085;Waeseja;x
PROV2086;Sarvin;x
PROV2087;Kilewar;x
PROV2088;Souana;x
PROV2089;Qiline;x
PROV2090;Rolabur;x
PROV2091;Rahu;x
PROV2092;Wamatta;x
PROV2093;Beirein;x
PROV2094;Saunind;x
PROV2095;Torava;x
PROV2096;Ruinomo;x
PROV2097;Rabujie;x
PROV2098;Batal;x
PROV2099;Ecomegus;x
PROV2100;Sanavo;x
PROV2101;Losoku;x
PROV2102;Nonada;x
PROV2103;Adadeva;x
PROV2104;Dosutai;x
PROV2105;Bimagos;x
PROV2106;Tumuna;x
PROV2107;Siirpen;x
PROV2108;Ingenuity;x
PROV2109;Wajick;x
PROV2110;Sibuis;x
PROV2111;Kitarak;x
PROV2112;Donailo;x
PROV2113;Saksa;x
PROV2114;Senoka;x
PROV2115;Derew;x
PROV2116;Runira;x
PROV2117;Kibirek;x
PROV2118;Hope;x
PROV2119;Nasiyen;x
PROV2120;Adunite;x
PROV2121;Epuhine;x
PROV2122;Asadalgi;x
PROV2123;Lakala;x
PROV2124;Waleodo;x
PROV2125;Nosardu;x
PROV2126;Qezuzer;x
PROV2127;Adobifa;x
PROV2128;Tianwen;x
PROV2129;Kibine;x
PROV2130;Eradogna;x
PROV2131;Efeisxi;x
PROV2132;Aolita;x
PROV2133;Numencia;x
PROV2134;Wuzma;x
PROV2135;Mangalyaan;x
PROV2136;Robunli;x
PROV2137;Kadory;x
PROV2138;Letebia;x
PROV2139;Saridis;x
PROV2140;Saralda;x
PROV2141;Tecama;x
PROV2142;Seka;x
PROV2143;Tuowma;x
PROV2144;Eiunes;x
PROV2145;Tarilia;x
PROV2146;Kinatta;x
PROV2147;Tadoka;x
PROV2148;Qimidis;x
PROV2149;Nalann;x
PROV2150;Ahedand;x
PROV2151;Taikine;x
PROV2152;Alettil;x
PROV2153;Kicou;x
PROV2154;Wuzniq;x
PROV2155;Lijew;x
PROV2156;Lemar;x
PROV2157;Borisla;x
PROV2158;Aradivka;x
PROV2159;Kewar;x
PROV2160;Dahangar;x
PROV2161;Ehawatta;x
PROV2162;Qiruzma;x
PROV2163;Qakatha;x
PROV2164;Ejayast;x
PROV2165;Kuanva;x
PROV2166;Ruone;x
PROV2167;Kaufati;x
PROV2168;Kasuluk;x
PROV2169;Tyatahtu;x
PROV2170;Wolyavka;x
PROV2171;Neuta;x
PROV2172;Wimasha;x
PROV2173;Wilalp;x
PROV2174;Qonofia;x
PROV2175;Riolefr;x
PROV2176;Qeleig;x
PROV2177;Negus;x
PROV2178;Eledrig;x
PROV2179;Timiya;x
PROV2180;Al-Qahira;x
PROV2181;Esaka;x
PROV2182;Aherabha;x
PROV2183;Badase;x
PROV2184;Tizias;x
PROV2185;Quguist;x
PROV2186;Rorine;x
PROV2187;Radeter;x
PROV2188;Bojolad;x
PROV2189;Kajavid;x
PROV2190;Anellet;x
PROV2191;Tenatta;x
PROV2192;Ribejda;x
PROV2193;Nelilip;x
PROV2194;Efurisii;x
PROV2195;Estahal;x
PROV2196;Econne;x
PROV2197;Qoet;x
PROV2198;Nozomi;x
PROV2199;Wenava;x
PROV2200;Rugarse;x
PROV2201;Duguti;x
PROV2202;Nomavan;x
PROV2203;Emasampa;x
PROV2204;Adimily;x
PROV2205;Qoanote;x
PROV2206;Nivaka;x
PROV2207;Risuist;x
PROV2208;Asopugo;x
PROV2209;Kida;x
PROV2210;Sevas;x
PROV2211;Tolalka;x
PROV2212;Kawand;x
PROV2213;Sadoatl;x
PROV2214;Auifr;x
PROV2215;Esunasia;x
PROV2216;Nye;x
PROV2217;Taudnus;x
PROV2218;Nucojin;x
PROV2219;Rilasa;x
PROV2220;Abojory;x
PROV2221;Rijilai;x
PROV2222;Tuoul;x
PROV2223;Nermaham;x
PROV2224;Domein;x
PROV2225;Amaheas;x
PROV2226;ExoMars;x
PROV2227;Turyla;x
PROV2228;Byouska;x
PROV2229;Namabib;x
PROV2230;Kineda;x
PROV2231;Keireer;x
PROV2232;Topugo;x
PROV2233;Dagaide;x
PROV2234;Ahecine;x
PROV2235;Revpal;x
PROV2236;Maven;x
PROV2237;Ryecalli;x
PROV2238;Ribine;x
PROV2239;Sileka;x
PROV2240;Kayang;x
PROV2241;Insight;x
PROV2242;Kevovai;x
PROV2243;Natuel;x
PROV2244;Layabia;x
PROV2245;Sodia;x
PROV2246;Wuhiklef;x
PROV2247;Harcona;x
PROV2248;Wonela;x
PROV2249;Qadilai;x
PROV2250;Kyousa;x
PROV2251;Tesita;x
PROV2252;Sura;x
PROV2253;Ronorz;x
PROV2254;Naliz;x
PROV2255;Qasahal;x
PROV2256;Karolad;x
PROV2257;Agraran;x
PROV2258;Tecemar;x
PROV2259;Kibatta;x
PROV2260;Karomir;x
PROV2261;Phobos;x
PROV2262;Kadailo;x
PROV2263;Donomir;x
PROV2264;Kodeike;x
PROV2265;Vibuen;x
PROV2266;Kogenna;x
PROV2267;Radeva;x
PROV2268;Kyeju;x
PROV2269;Edukooma;x
PROV2270;Wecejda;x
PROV2271;Wyuo;x
PROV2272;Tasafa;x
PROV2273;Bageuta;x
PROV2274;Evereth;x
PROV2275;Kenita;x
PROV2276;Nelit;x
PROV2277;Taduna;x
PROV2278;Rohokop;x
PROV2279;Nyrn;x
PROV2280;Varan;x
PROV2281;Suowma;x
PROV2282;Sagozar;x
PROV2283;Eljusbu;x
PROV2284;Bermoj;x
PROV2285;Tunil;x
PROV2286;Deimos;x
PROV2287;Wasoj;x
PROV2288;Esamahat;x
PROV2289;Rudasia;x
PROV2290;Wudivit;x
PROV2291;Salp;x
PROV2292;Qadila;x
PROV2293;Nikeraka;x
PROV2294;Nechem;x
PROV2295;Tideva;x
PROV2296;Kedugo;x
PROV2297;Qeineer;x
PROV2298;Kahimha;x
PROV2299;Kanuna;x
PROV2300;Nayyur;x
PROV2301;Domisha;x
PROV2302;Teiraud;x
PROV2303;Delann;x
PROV2304;Dyigila;x
PROV2305;Wonailo;x
PROV2306;Planum;x
PROV2307;Radakh;x
PROV2308;Layavje;x
PROV2309;Nayabai;x
PROV2310;Chasma;x
PROV2311;Kabiram;x
PROV2312;Dyogehra;x
PROV2313;Ralald;x
PROV2314;Fossae;x
PROV2315;Vallis;x
PROV2316;Kiriala;x
PROV2317;Tebuti;x
PROV2318;Soheytn;x
PROV2319;Mons;x
PROV2320;Samati;x
PROV2321;Axibisii;x
PROV2322;Patera;x
PROV2323;Dyaakka;x
PROV2324;Durast;x
PROV2325;Tinluo;x
PROV2326;Rupes;x
PROV2327;Tabeth;x
PROV2328;Kogaham;x
PROV2329;Kehaul;x
PROV2330;Losann;x
PROV2331;Egayajit;x
PROV2332;Bomad;x
PROV2333;Wezayan;x
PROV2334;Sepi;x
PROV2335;Kesate;x
PROV2336;Tohidis;x
PROV2337;Qibond;x
PROV2338;Laline;x
PROV2339;Solevan;x
PROV2340;Ryofer;x
PROV2341;Kabam;x
PROV2342;Kararos;x
PROV2343;Tilono;x
PROV2344;Tomavan;x
PROV2345;Netusbu;x
PROV2346;Averura;x
PROV2347;Araladra;x
PROV2348;Karevoj;x
PROV2349;Tausara;x
PROV2350;Watora;x
PROV2351;Waland;x
PROV2352;Dorsum;x
PROV2353;Roziss;x
PROV2354;Amosarse;x
PROV2355;Ecotiel;x
PROV2356;Rarulay;x
PROV2357;Recilia;x
PROV2358;Elucaham;x
PROV2359;Tholus;x
PROV2360;Sayamey;x
PROV2361;Kazilia;x
PROV2362;Numius;x
PROV2363;Tyasa;x
PROV2364;Colles;x
PROV2365;Naridha;x
PROV2366;Dofaul;x
PROV2367;Danajan;x
PROV2368;Qeonulay;x
PROV2369;Mensa;x
PROV2370;Sulci;x
PROV2371;Nemergun;x
PROV2372;Esamaham;x
PROV2373;Rolavac;x
PROV2374;Warayor;x
PROV2375;Adudemna;x
PROV2376;Scopulus;x
PROV2377;Serpens;x
PROV2378;Labyrinthi;x
PROV2379;Korerre;x
PROV2380;Undae;x
PROV2381;Fluctus;x
PROV2382;Catena;x
PROV2383;Cavus;x
PROV2384;Chaos;x
PROV2385;Crater;x
PROV2386;Fossa;x
PROV2387;Lingula;x
PROV2388;Palus;x
PROV2389;Sionadra;x
PROV2390;Alveus;x
PROV2391;Kaluzniq;x
PROV2392;Caldera;x
PROV2393;Kalka;x
PROV2394;Lacus;x
PROV2395;Regio;x
PROV2396;Loteis;x
PROV2397;Terra;x
PROV2398;Tesserae;x
PROV2399;Umbra;x
PROV2400;Vertex;x